User,creationDate,listingId,借款用途,借款金额,协议利率,单笔最高借款金额,历史最高负债,学习形式,工作信息,年龄,待还金额,性别,成功借款次数,成功还款次数,收入情况,文化程度,期限,本次借款后负债,正常还清次数,毕业院校,注册时间,第一次成功借款时间,累计借款金额,级别,还款来源,逾期（0-15天）还清次数,逾期（15天以上）还清次数,网络借贷平台借款余额,title,strategy
pdu****2805,2018-09-03 11:46:35,127037529,日常消费,2700.0,20.0,12000.0,14834.16,无,私营业主,31,10636.39,女,14,62,15000及以上,无,6,13336.39,52,无,2015-07-02,2017-07-07 11:50:40,40372.0,B,经营收入,10,0,23504.0,,
pdu7****32763,2018-09-04 10:58:18,127142663,装修,17806.0,20.0,7629.0,20186.89,无,私营业主,29,505.33,女,12,101,5000-8000（含5000）,无,6,18311.33,99,无,2016-11-18,2016-11-18 09:25:21,38534.0,B,个人存款,2,0,0.0,,
pdu8****15847,2018-09-03 08:42:09,127013824,日常消费,1823.0,20.0,5500.0,16503.44,无,暂未提供,39,13872.2,男,18,99,5000-8000（含5000）,无,6,15695.2,94,无,2016-08-17,2016-12-07 12:03:18,40603.0,B,投资收入,5,0,0.0,,
pdu8****33424,2018-09-03 22:56:56,127105155,日常消费,2072.0,20.0,3300.0,11096.35,无,暂未提供,23,9116.3,男,9,22,2000-5000（含2000）,无,6,11188.3,22,无,2017-09-03,2017-09-03 12:39:16,15300.0,B,薪资收入,0,0,0.0,,
pdu5****08213,2018-09-03 08:32:16,127012828,日常消费,3050.0,20.0,7467.0,18024.35,无,私营业主,44,13664.78,女,20,153,8000-15000（含8000）,无,6,16714.78,147,无,2015-11-24,2015-11-24 17:53:25,57570.0,B,经营收入,6,0,37664.0,,
pdu1****03101,2018-09-02 19:34:18,126979444,生产经营,2615.0,20.0,6200.0,17480.69,无,私营业主,36,13643.66,女,22,116,8000-15000（含8000）,无,6,16258.66,92,无,2016-06-10,2016-06-10 10:13:04,65148.0,B,个人存款,24,0,52585.0,,
pdu5****64566,2018-09-02 21:45:59,126988935,生产经营,4151.0,20.0,9500.0,21056.52,无,暂未提供,31,15553.45,男,13,76,8000-15000（含8000）,无,6,19704.45,74,无,2016-08-26,2016-08-26 11:33:08,55654.0,B,薪资收入,2,0,0.0,,
pdu1****02071,2018-09-03 16:49:55,127073008,日常消费,7914.0,20.0,8918.0,22485.78,普通,暂未提供,26,13882.77,男,11,76,8000-15000（含8000）,本科,6,21796.77,61,山西农业大学,2016-10-28,2016-10-29 11:23:13,49028.0,B,薪资收入,15,0,1800.0,,
pdu8****18488,2018-09-02 10:14:34,126919557,兼职创业,3500.0,20.0,4000.0,13807.84,无,暂未提供,27,11695.15,男,13,67,2000-5000（含2000）,无,6,15195.15,66,无,2016-06-22,2016-06-22 22:56:54,34760.0,B,薪资收入,1,0,0.0,,
pdu4****48104,2018-09-03 06:37:22,127005981,日常消费,1276.0,20.0,7929.0,16649.98,无,私营业主,32,13096.68,男,14,78,8000-15000（含8000）,无,6,14372.68,67,无,2016-09-11,2016-09-11 12:32:01,50925.0,B,经营收入,11,0,32966.0,,
pdu1****58405,2018-09-04 08:06:03,127122547,日常消费,2493.0,20.0,16000.0,18389.75,无,暂未提供,30,15632.05,女,13,59,5000-8000（含5000）,无,6,18125.05,59,无,2017-10-07,2017-10-07 10:19:08,42519.0,B,薪资收入,0,0,5231.0,,
pdu1****44172,2018-09-03 14:09:43,127052316,日常消费,3300.0,20.0,16000.0,20300.5,无,私营业主,27,16458.76,女,12,51,15000及以上,无,6,19758.76,51,无,2016-11-29,2016-12-06 11:50:01,69469.0,B,经营收入,0,0,11433.0,,
pdu5****24630,2018-09-03 14:49:35,127057768,日常消费,3000.0,20.0,10280.0,20169.09,无,暂未提供,44,15534.39,女,21,143,15000及以上,无,6,18534.39,139,无,2016-04-05,2016-04-05 13:06:52,58142.0,B,经营收入,4,0,0.0,,
156****2218,2018-09-02 09:30:48,126914031,装修,3120.0,20.0,13000.0,23949.19,无,私营业主,42,19593.9,女,17,100,2000-5000（含2000）,无,6,22713.9,77,无,2015-05-27,2015-05-27 15:47:32,110027.0,B,薪资收入,23,0,0.0,,
pdu3****30105,2018-09-02 18:55:52,126976371,旅游,3000.0,20.0,10000.0,17327.62,无,暂未提供,33,14011.46,男,9,40,5000-8000（含5000）,无,6,17011.46,39,无,2016-10-07,2016-12-25 16:13:40,40240.0,B,薪资收入,1,0,0.0,,
pdu****0612,2018-09-03 10:14:17,127025344,日常消费,3444.0,20.0,11651.0,15803.4,无,暂未提供,28,11959.46,女,16,81,5000-8000（含5000）,无,6,15403.46,79,无,2015-10-13,2016-08-29 11:48:23,61816.0,B,薪资收入,2,0,35668.0,,
pdu2****85133,2018-09-02 17:59:32,126971534,日常消费,2614.0,20.0,8000.0,11156.34,无,暂未提供,33,8249.78,男,7,52,8000-15000（含8000）,无,6,10863.78,35,无,2016-03-17,2016-03-17 09:24:27,27230.0,B,薪资收入,17,0,5667.0,,
pdu8****36861,2018-09-03 15:44:07,127065196,日常消费,20000.0,20.0,10000.0,27844.88,无,暂未提供,47,10000.16,男,12,78,15000及以上,无,6,30000.16,78,无,2016-07-09,2016-07-09 14:37:28,66441.0,B,经营收入,0,0,0.0,,
pdu3****53382,2018-09-03 14:04:20,127051737,日常消费,3000.0,20.0,20000.0,58540.45,无,私营业主,31,54465.74,女,14,65,8000-15000（含8000）,无,6,57465.74,64,无,2016-12-14,2016-12-15 10:52:11,113522.0,B,薪资收入,1,0,0.0,,
pdu4****62645,2018-09-04 11:27:41,127146419,日常消费,888.0,20.0,2500.0,6052.54,无,暂未提供,20,4918.81,女,15,77,5000-8000（含5000）,无,6,5806.81,77,无,2017-08-03,2017-08-03 12:16:17,14746.0,B,薪资收入,0,0,0.0,,
pdu4****75871,2018-09-04 11:43:40,127148403,日常消费,16100.0,20.0,5200.0,16046.54,无,暂未提供,38,0.0,女,7,38,8000-15000（含8000）,无,6,16100.0,38,无,2016-09-07,2016-09-07 06:52:08,26407.0,B,薪资收入,0,0,0.0,,
pdu4****74835,2018-09-04 12:01:35,127150562,兼职创业,4000.0,20.0,10000.0,19396.42,自考,暂未提供,23,12791.22,女,9,60,5000-8000（含5000）,本科,6,16791.22,59,西南大学,2016-11-22,2016-11-22 09:36:12,48100.0,B,经营收入,1,0,0.0,,
pdu5****48270,2018-09-04 11:41:22,127148124,日常消费,2000.0,20.0,4013.0,11860.29,无,暂未提供,20,9838.92,女,12,62,2000-5000（含2000）,无,6,11838.92,62,无,2017-07-13,2017-07-14 09:28:12,20809.0,B,个人存款,0,0,0.0,,
pdu7****78141,2018-09-04 09:47:08,127133319,旅游,25000.0,20.0,12815.0,18686.04,无,私营业主,36,0.0,男,8,54,5000-8000（含5000）,无,6,25000.0,53,无,2016-03-14,2016-04-05 20:11:10,55396.0,B,经营收入,1,0,6667.0,,
pdu8****42548,2018-09-02 15:10:01,126953834,日常消费,4800.0,20.0,8500.0,19904.96,无,暂未提供,33,14253.11,男,20,91,5000-8000（含5000）,无,6,19053.11,90,无,2016-11-07,2016-11-16 18:50:52,61412.0,B,薪资收入,1,0,43664.0,,
pdu4****77645,2018-09-03 20:59:48,127097429,日常消费,800.0,20.0,9500.0,11615.99,无,暂未提供,37,10334.19,男,10,35,8000-15000（含8000）,无,6,11134.19,34,无,2017-11-21,2017-11-21 22:47:47,27572.9,B,经营收入,1,0,2974.0,,
pdu1****45256,2018-09-03 10:30:37,127027519,日常消费,6939.0,20.0,12523.0,26545.43,无,私营业主,34,18236.88,男,9,47,15000及以上,无,6,25175.88,47,无,2016-12-07,2016-12-07 16:01:49,59429.0,B,经营收入,0,0,101165.0,,
pdu4****25468,2018-09-04 12:03:51,127150825,日常消费,2000.0,20.0,2000.0,6979.39,普通,暂未提供,22,2906.84,女,10,48,2000-5000（含2000）,专科,6,4906.84,46,宝鸡职业技术学院,2017-03-27,2017-08-03 20:35:07,12561.0,B,薪资收入,2,0,5948.0,,
pdu4****64538,2018-09-04 12:00:04,127150369,旅游,15000.0,20.0,8379.0,19835.09,无,暂未提供,49,3810.05,女,8,76,5000-8000（含5000）,无,6,18810.05,76,无,2015-12-05,2015-12-05 10:53:24,46302.0,B,经营收入,0,0,0.0,,
pdu5****15448,2018-09-04 07:18:31,127119664,日常消费,1600.0,20.0,5600.0,18581.52,无,暂未提供,47,16796.84,女,21,70,5000-8000（含5000）,无,6,18396.84,70,无,2017-06-30,2017-06-30 21:19:55,52650.0,B,个人存款,0,0,38844.0,,
pdu6****44043,2018-09-03 18:56:49,127086995,日常消费,1500.0,20.0,8358.0,14093.99,无,暂未提供,26,12377.66,男,15,61,8000-15000（含8000）,无,6,13877.66,61,无,2017-04-22,2017-04-22 09:00:51,42484.0,B,经营收入,0,0,0.0,,
pdu1****13703,2018-09-03 19:43:26,127091204,日常消费,4000.0,20.0,10000.0,23251.44,无,暂未提供,31,13289.6,男,12,83,5000-8000（含5000）,无,6,17289.6,76,无,2016-01-20,2016-01-20 14:55:04,60910.0,B,薪资收入,7,0,0.0,,
pdu3****24885,2018-09-03 09:58:53,127023148,日常消费,17890.0,20.0,11550.0,17846.01,无,私营业主,30,6666.35,女,7,46,8000-15000（含8000）,无,6,24556.35,42,无,2016-08-15,2016-10-10 17:57:14,44574.0,B,经营收入,4,0,42064.0,,
pdu7****78740,2018-09-04 12:09:56,127151596,医疗,700.0,20.0,5000.0,5615.64,无,暂未提供,20,4770.49,女,16,64,2000-5000（含2000）,无,6,5470.49,64,无,2017-05-12,2017-06-04 10:10:02,22100.0,B,薪资收入,0,0,0.0,,
pdu6****44162,2018-09-03 19:26:36,127089699,旅游,1800.0,20.0,5000.0,13930.08,无,暂未提供,29,12497.01,女,8,20,2000-5000（含2000）,无,6,14297.01,20,无,2017-12-11,2018-02-07 10:04:09,17200.0,B,薪资收入,0,0,0.0,,
pdu6****21405,2018-09-04 12:09:01,127151478,日常消费,5914.0,20.0,7000.0,14591.15,无,私营业主,22,8767.71,女,9,47,5000-8000（含5000）,无,6,14681.71,47,无,2017-05-06,2017-05-06 11:23:09,32191.0,B,薪资收入,0,0,23613.0,,
pdu1****38456,2018-09-04 06:23:24,127117523,日常消费,1501.0,20.0,8800.0,14288.3,无,私营业主,40,12124.08,女,6,21,5000-8000（含5000）,无,6,13625.08,21,无,2017-08-07,2017-09-02 07:50:56,25028.0,B,经营收入,0,0,171479.0,,
pdu5****55641,2018-09-04 11:31:56,127146929,日常消费,1400.0,20.0,11867.0,16122.15,无,暂未提供,28,14114.98,女,6,21,5000-8000（含5000）,无,6,15514.98,21,无,2017-03-03,2017-09-23 11:52:15,28156.0,B,薪资收入,0,0,0.0,,
pdu4****68043,2018-09-04 12:14:46,127152143,生产经营,5000.0,20.0,9500.0,14216.11,普通,暂未提供,33,5525.48,女,22,105,5000-8000（含5000）,专科(高职),6,10525.48,105,山西生物应用职业技术学院,2017-03-25,2017-03-25 13:32:49,53797.0,B,薪资收入,0,0,18398.0,,
pdu2****42280,2018-09-04 12:14:01,127152058,医疗,1135.0,20.0,5000.0,10155.51,无,暂未提供,21,8450.55,女,12,56,8000-15000（含8000）,无,6,9585.55,56,无,2017-09-05,2017-09-05 19:26:19,26750.0,B,薪资收入,0,0,4018.0,,
pdu****8544,2018-09-04 12:10:24,127151639,生产经营,15559.0,20.0,12381.0,23336.86,无,私营业主,36,5785.3,女,22,133,8000-15000（含8000）,无,6,21344.3,131,无,2015-08-21,2015-08-21 21:55:01,106454.0,B,经营收入,2,0,0.0,,
pdu8****68588,2018-09-04 12:18:04,127152504,医疗,3000.0,20.0,2000.0,3831.47,无,私营业主,20,1731.72,女,7,25,2000-5000（含2000）,无,6,4731.72,25,无,2017-08-17,2017-09-03 00:13:31,8700.0,B,薪资收入,0,0,0.0,,
pdu6****40272,2018-09-04 12:17:03,127152375,装修,16600.0,20.0,10000.0,11091.3,普通,暂未提供,24,11091.3,男,16,143,5000-8000（含5000）,本科,6,27691.3,143,内蒙古农业大学,2016-10-10,2016-10-10 16:39:26,33513.0,B,薪资收入,0,0,0.0,,
pdu6****31004,2018-09-04 11:59:30,127150288,装修,7000.0,20.0,17000.0,29332.72,无,私营业主,35,21607.48,女,11,62,8000-15000（含8000）,无,6,28607.48,62,无,2016-09-19,2017-01-14 13:53:24,72362.0,B,经营收入,0,0,0.0,,
pdu8****13627,2018-09-04 09:46:27,127133242,日常消费,1016.0,20.0,8858.0,15644.35,无,暂未提供,33,14071.23,男,12,74,5000-8000（含5000）,无,6,15087.23,74,无,2016-07-14,2016-07-16 01:28:39,53499.0,B,薪资收入,0,0,22923.0,,
pdu2****82178,2018-09-04 12:26:21,127153490,医疗,765.0,20.0,2000.0,5363.08,无,暂未提供,20,4298.03,女,21,136,2000-5000（含2000）,无,6,5063.03,136,无,2017-03-10,2017-03-10 19:31:16,20818.0,B,薪资收入,0,0,0.0,,
pdu****0845,2018-09-04 10:33:55,127139455,日常消费,10000.0,20.0,12500.0,27230.36,无,私营业主,35,14809.32,女,17,98,8000-15000（含8000）,无,6,24809.32,91,无,2014-12-30,2015-04-30 12:58:29,126791.0,B,经营收入,7,0,0.0,,
pdu5****50132,2018-09-04 12:26:10,127153457,日常消费,1157.0,20.0,2500.0,8226.74,无,私营业主,23,6812.22,男,7,27,2000-5000（含2000）,无,6,7969.22,27,无,2018-02-25,2018-02-25 14:56:23,10134.0,B,薪资收入,0,0,0.0,,
pdu7****00412,2018-09-03 13:29:45,127048326,日常消费,3949.0,20.0,9000.0,17787.75,无,私营业主,25,14461.09,女,18,109,8000-15000（含8000）,无,6,18410.09,109,无,2016-12-21,2016-12-21 18:29:52,48452.0,B,经营收入,0,0,0.0,,
pdu****7517,2018-09-02 12:35:25,126936569,日常消费,25000.0,20.0,9900.0,18689.03,成人,私营业主,29,0.0,男,6,63,15000及以上,专科,6,25000.0,39,江苏信息职业技术学院,2015-03-02,2016-07-09 15:48:07,33694.0,B,经营收入,24,0,0.0,,
pdu2****58414,2018-09-03 16:35:21,127071477,日常消费,1853.0,20.0,12100.0,18121.12,无,暂未提供,24,14649.09,男,12,54,2000-5000（含2000）,无,6,16502.09,54,无,2016-10-12,2016-10-12 17:54:16,38078.0,B,薪资收入,0,0,0.0,,
pdu1****35746,2018-09-04 10:39:15,127140172,日常消费,1300.0,20.0,15000.0,17083.74,无,暂未提供,30,17083.74,男,8,45,8000-15000（含8000）,无,6,18383.74,45,无,2017-05-12,2017-05-12 12:33:26,42497.0,B,薪资收入,0,0,0.0,,
pdu1****23460,2018-09-04 12:39:06,127155029,日常消费,1000.0,20.0,5000.0,12441.64,普通,暂未提供,27,11129.17,男,15,78,5000-8000（含5000）,专科,6,12129.17,76,黑龙江生态工程职业学院,2017-04-19,2017-04-24 22:41:36,33805.0,B,薪资收入,2,0,0.0,,
pdu5****78600,2018-09-04 12:39:19,127155055,日常消费,12727.0,20.0,15800.0,17585.74,无,暂未提供,38,5615.64,女,7,33,5000-8000（含5000）,无,6,18342.64,33,无,2016-07-18,2016-07-18 10:00:31,48318.0,B,薪资收入,0,0,0.0,,
pdu****0500,2018-09-04 12:43:38,127155525,日常消费,1200.0,20.0,2750.0,3408.28,普通,暂未提供,22,457.96,男,6,44,5000-8000（含5000）,专科(高职),6,1657.96,44,浙江邮电职业技术学院,2015-10-22,2016-12-30 14:00:34,7719.0,B,薪资收入,0,0,0.0,,
pdu8****62141,2018-09-04 12:40:19,127155154,装修,24840.0,20.0,24700.0,26867.19,无,私营业主,38,0.0,女,6,42,15000及以上,无,6,24840.0,42,无,2017-04-01,2017-04-02 11:07:27,73237.0,B,经营收入,0,0,0.0,,
pdu5****36685,2018-09-03 10:43:04,127029214,日常消费,2250.0,20.0,11000.0,18810.0,无,暂未提供,31,15962.4,女,8,46,8000-15000（含8000）,无,6,18212.4,41,无,2017-05-03,2017-05-06 09:17:11,38496.0,B,个人存款,5,0,0.0,,
pdu4****64134,2018-09-03 17:44:26,127079618,旅游,2426.0,20.0,6000.0,13005.81,无,私营业主,41,11922.88,男,13,74,8000-15000（含8000）,无,6,14348.88,74,无,2017-01-22,2017-01-22 23:05:40,46761.0,B,经营收入,0,0,0.0,,
pdu4****88088,2018-09-03 11:46:31,127037521,装修,3000.0,20.0,10000.0,12639.86,无,私营业主,23,12639.86,女,6,27,5000-8000（含5000）,无,6,15639.86,27,无,2017-03-24,2017-03-29 15:08:23,27100.0,B,薪资收入,0,0,0.0,,
pdu8****28377,2018-09-03 17:47:44,127079987,装修,1526.0,20.0,3500.0,4757.26,无,私营业主,28,2934.12,女,9,31,15000及以上,无,6,4460.12,19,无,2016-09-12,2017-09-30 22:17:50,14990.0,B,经营收入,12,0,34752.0,,
pdu7****68610,2018-09-03 11:09:58,127032826,装修,2800.0,20.0,14000.0,42246.0,无,暂未提供,41,39028.27,男,8,54,8000-15000（含8000）,无,6,41828.27,54,无,2016-11-12,2016-11-12 23:33:46,57490.0,B,薪资收入,0,0,0.0,,
pdu****4371,2018-09-03 11:32:09,127035671,日常消费,1267.0,20.0,8860.0,10681.08,无,暂未提供,45,8900.9,男,6,30,5000-8000（含5000）,无,6,10167.9,29,无,2015-07-26,2015-07-26 18:50:35,22170.0,B,薪资收入,1,0,0.0,,
pdu1****51563,2018-09-03 21:08:14,127098057,日常消费,1200.0,20.0,10000.0,12290.82,无,私营业主,37,10756.42,女,6,24,2000-5000（含2000）,无,6,11956.42,23,无,2017-06-10,2017-06-12 10:03:48,27700.0,B,薪资收入,1,0,0.0,,
pdu5****06578,2018-09-04 11:04:24,127143455,旅游,3846.0,20.0,10164.0,18312.48,无,暂未提供,31,13305.66,男,15,55,5000-8000（含5000）,无,6,17151.66,52,无,2016-11-24,2016-11-28 17:26:35,60416.0,B,经营收入,3,0,42300.0,,
pdu0****83437,2018-09-03 15:28:28,127063111,日常消费,2000.0,20.0,12600.0,25817.01,无,私营业主,38,22099.26,男,13,47,8000-15000（含8000）,无,6,24099.26,47,无,2016-12-24,2016-12-24 13:28:21,65807.0,B,薪资收入,0,0,0.0,,
ron****3415,2018-09-02 14:28:37,126949268,生产经营,5110.0,20.0,11338.0,28020.1,无,私营业主,39,21618.13,男,26,96,8000-15000（含8000）,无,6,26728.13,95,无,2015-01-18,2015-04-29 14:19:29,159811.0,B,经营收入,1,0,0.0,,
pdu5****35546,2018-09-03 16:06:20,127068048,日常消费,18132.0,20.0,16000.0,28649.83,普通,暂未提供,30,7405.65,男,19,141,5000-8000（含5000）,本科,6,25537.65,137,曲靖师范学院,2016-05-06,2016-05-06 22:38:36,98202.0,B,薪资收入,4,0,3000.0,,
pdu7****35781,2018-09-03 18:13:47,127082646,日常消费,2000.0,20.0,10000.0,38330.63,无,暂未提供,25,36236.1,男,19,129,5000-8000（含5000）,无,6,38236.1,129,无,2016-03-15,2016-04-26 14:23:11,88382.0,B,薪资收入,0,0,28248.0,,
pdu5****83673,2018-09-03 20:07:39,127093290,旅游,1185.0,20.0,12500.0,17165.77,无,私营业主,48,15565.32,女,7,16,15000及以上,无,6,16750.32,15,无,2017-05-22,2017-08-09 18:08:08,42354.0,B,经营收入,1,0,36816.0,,
pdu6****01888,2018-09-03 16:37:09,127071671,日常消费,8656.0,20.0,10649.0,24357.68,自考,暂未提供,28,16253.48,男,10,53,5000-8000（含5000）,本科,6,24909.48,39,华中师范大学汉口分校,2016-10-10,2016-10-29 23:49:36,62025.0,B,薪资收入,14,0,1350.0,,
pdu****1330,2018-09-02 17:01:07,126965622,日常消费,4222.0,20.0,22477.0,35711.21,无,暂未提供,49,24905.31,女,13,93,8000-15000（含8000）,无,6,29127.31,91,无,2015-10-24,2015-10-24 14:32:50,98980.0,B,薪资收入,2,0,0.0,,
pdu5****62066,2018-09-03 19:58:01,127092480,日常消费,853.0,20.0,3500.0,6115.03,无,暂未提供,31,3712.32,男,9,74,5000-8000（含5000）,无,6,4565.32,37,无,2016-07-21,2016-08-16 08:59:07,14992.0,B,薪资收入,37,0,940.0,,
pdu2****73602,2018-09-03 13:44:03,127049733,装修,2400.0,20.0,18000.0,27577.73,无,暂未提供,26,24722.86,女,13,47,2000-5000（含2000）,无,6,27122.86,44,无,2015-12-18,2015-12-18 18:48:30,89002.0,B,个人存款,3,0,0.0,,
pdu5****36314,2018-09-03 17:20:26,127076826,日常消费,1883.0,20.0,16200.0,19004.64,无,私营业主,23,15541.62,男,6,19,5000-8000（含5000）,无,6,17424.620000000006,19,无,2017-04-19,2017-08-18 08:47:07,35674.0,B,经营收入,0,0,0.0,,
pdu8****74510,2018-09-03 08:01:04,127010206,日常消费,1742.0,20.0,7928.0,25334.89,无,暂未提供,36,23173.17,男,24,147,8000-15000（含8000）,无,6,24915.17,136,无,2016-06-26,2016-06-26 00:02:20,87188.0,B,薪资收入,11,0,0.0,,
pdu****8682,2018-09-02 12:29:37,126935924,装修,8610.0,20.0,5000.0,10089.19,无,暂未提供,34,5841.03,男,12,40,8000-15000（含8000）,无,6,14451.03,40,无,2015-10-20,2016-08-02 10:05:43,24236.0,B,薪资收入,0,0,4089.0,,
pdu1****30133,2018-09-03 10:58:33,127031262,生产经营,2156.0,20.0,16695.0,20188.14,无,暂未提供,32,17555.16,女,7,39,2000-5000（含2000）,无,6,19711.16,36,无,2017-05-15,2017-05-15 23:40:06,32685.0,B,投资收入,3,0,0.0,,
pdu****5052,2018-09-04 09:31:57,127131350,装修,10000.0,20.0,40000.0,48859.92,无,私营业主,48,15474.72,女,22,114,15000及以上,无,6,25474.72,110,无,2015-07-07,2015-07-07 19:05:56,169189.0,B,经营收入,4,0,38651.0,,
pdu3****04108,2018-09-03 19:49:43,127091748,装修,8000.0,20.0,8762.0,17948.67,无,私营业主,44,6510.64,男,7,50,5000-8000（含5000）,无,6,14510.64,46,无,2016-09-13,2016-09-14 01:10:10,39360.0,B,经营收入,4,0,0.0,,
pdu8****45527,2018-09-02 14:38:24,126950370,日常消费,3658.0,20.0,9060.0,21407.24,无,暂未提供,31,17384.47,女,15,69,5000-8000（含5000）,无,6,21042.47,62,无,2017-04-18,2017-04-18 15:04:36,42780.0,B,经营收入,7,0,0.0,,
pdu7****02206,2018-09-04 02:17:08,127113723,装修,1000.0,20.0,5000.0,9876.45,无,私营业主,23,8081.91,男,10,38,5000-8000（含5000）,无,6,9081.91,34,无,2017-06-20,2017-08-14 15:52:10,15400.0,B,薪资收入,4,0,728.0,,
pdu8****84315,2018-09-03 11:28:16,127035167,生产经营,5940.0,20.0,8448.0,10137.07,无,私营业主,55,4499.13,男,10,69,2000-5000（含2000）,无,6,10439.13,68,无,2015-11-27,2015-11-27 16:15:26,37923.0,B,经营收入,1,0,63721.0,,
pdu4****64262,2018-09-03 18:08:24,127082145,日常消费,3623.0,20.0,8000.0,26501.05,无,暂未提供,32,22415.41,女,30,124,8000-15000（含8000）,无,6,26038.41,124,无,2016-12-08,2016-12-08 07:40:18,121484.0,B,薪资收入,0,0,64834.0,,
pdu6****26467,2018-09-04 06:45:54,127118253,医疗,1834.0,20.0,10900.0,20639.59,无,暂未提供,25,18788.57,女,21,108,5000-8000（含5000）,无,6,20622.57,104,无,2016-06-28,2016-07-18 15:08:52,56121.0,B,薪资收入,4,0,9196.0,,
pdu0****86475,2018-09-04 09:44:34,127132970,日常消费,2000.0,20.0,8600.0,19463.78,无,暂未提供,55,17319.71,女,14,82,5000-8000（含5000）,无,6,19319.71,81,无,2016-11-12,2016-11-12 22:52:34,58126.0,B,薪资收入,1,0,0.0,,
pdu8****64200,2018-09-04 12:00:28,127150423,日常消费,1329.0,20.0,9200.0,10167.92,无,私营业主,30,8709.56,女,11,32,8000-15000（含8000）,无,6,10038.56,31,无,2017-09-03,2017-09-03 09:00:05,31702.0,B,薪资收入,1,0,0.0,,
pdu4****13476,2018-09-03 21:29:44,127099627,日常消费,1689.0,20.0,5718.0,11532.47,无,暂未提供,25,9478.61,女,8,36,2000-5000（含2000）,无,6,11167.61,34,无,2017-04-22,2017-07-06 19:38:15,21370.0,B,薪资收入,2,0,0.0,,
pdu3****75873,2018-09-03 10:28:30,127027251,日常消费,3152.0,20.0,13000.0,27823.12,无,暂未提供,41,24094.04,女,15,102,2000-5000（含2000）,无,6,27246.04,102,无,2016-01-13,2016-01-13 05:57:33,84268.0,B,薪资收入,0,0,32536.0,,
pdu8****00456,2018-09-03 14:16:14,127052993,日常消费,2026.0,20.0,7807.0,9720.83,无,暂未提供,25,6745.51,男,14,81,2000-5000（含2000）,无,6,8771.51,74,无,2016-08-11,2016-08-15 07:29:59,55218.0,B,个人存款,7,0,19343.0,,
pdu1****05825,2018-09-04 06:50:35,127118419,日常消费,1807.0,20.0,11800.0,20361.16,无,私营业主,27,18061.18,女,8,31,2000-5000（含2000）,无,6,19868.18,28,无,2016-04-26,2016-04-26 14:28:45,52463.0,B,投资收入,3,0,0.0,,
pdu7****64701,2018-09-04 02:56:12,127114528,日常消费,1800.0,20.0,7000.0,14007.72,无,暂未提供,29,11774.57,男,7,24,8000-15000（含8000）,无,6,13574.57,24,无,2017-01-06,2017-02-12 18:54:45,31370.0,B,投资收入,0,0,6288.0,,
pdu2****82364,2018-09-02 14:22:55,126948563,日常消费,2616.0,20.0,8312.0,16255.3,无,私营业主,51,12291.35,女,10,60,8000-15000（含8000）,无,6,14907.35,48,无,2016-08-04,2016-08-04 11:48:00,42918.0,B,经营收入,12,0,52528.0,,
pdu0****04785,2018-09-01 16:17:31,126856655,日常消费,11445.0,20.0,27537.0,42820.8,无,暂未提供,33,28109.13,女,7,40,5000-8000（含5000）,无,6,39554.13000000001,38,无,2017-06-18,2017-06-23 09:54:25,68894.0,B,薪资收入,2,0,0.0,,
pdu3****10587,2018-09-02 14:54:11,126952099,日常消费,7244.0,20.0,7853.0,27203.92,无,私营业主,29,19543.2,女,24,120,8000-15000（含8000）,无,6,26787.2,119,无,2016-05-12,2016-07-11 20:47:55,104198.0,B,经营收入,1,0,0.0,,
pdu3****07846,2018-09-03 19:25:11,127089581,装修,5000.0,20.0,8883.0,17542.6,无,私营业主,37,11313.37,女,8,63,15000及以上,无,6,16313.37,52,无,2016-02-29,2016-02-29 00:15:58,53480.0,B,经营收入,11,0,87875.0,,
pdu0****54035,2018-09-03 14:34:03,127055311,日常消费,4000.0,20.0,12000.0,18563.83,无,私营业主,40,11654.99,男,12,59,15000及以上,无,6,15654.99,58,无,2017-04-02,2017-04-02 11:39:14,66120.0,B,经营收入,1,0,0.0,,
pdu2****14206,2018-09-03 10:11:45,127024968,日常消费,4275.0,20.0,11118.0,18449.14,无,私营业主,31,13783.71,女,18,94,15000及以上,无,6,18058.71,92,无,2016-07-21,2016-07-21 11:02:33,75147.0,B,经营收入,2,0,0.0,,
pdu6****63555,2018-09-02 15:06:33,126953434,旅游,3492.0,20.0,10000.0,18719.75,无,私营业主,29,15189.09,男,12,59,15000及以上,无,6,18681.09,52,无,2016-04-12,2016-04-12 06:33:13,50533.0,B,经营收入,7,0,5417.0,,
pdu8****33344,2018-09-02 13:11:01,126940584,医疗,5656.0,20.0,14924.0,27031.55,无,暂未提供,23,20033.42,女,13,60,2000-5000（含2000）,无,6,25689.42,59,无,2016-08-06,2016-08-06 16:34:32,88662.0,B,薪资收入,1,0,0.0,,
pdu3****76660,2018-09-03 08:14:47,127011261,日常消费,4600.0,20.0,11572.0,19667.51,无,暂未提供,51,14162.51,女,9,44,8000-15000（含8000）,无,6,18762.51,38,无,2016-11-30,2016-11-30 10:25:07,56702.0,B,薪资收入,6,0,125190.0,,
pdu0****86473,2018-09-03 12:24:54,127041537,装修,3000.0,20.0,15000.0,22689.81,无,私营业主,37,18526.9,男,9,57,8000-15000（含8000）,无,6,21526.9,57,无,2016-10-21,2016-10-30 18:51:39,36892.0,B,经营收入,0,0,0.0,,
pdu8****81537,2018-09-02 15:48:36,126958026,生产经营,9103.0,20.0,9927.0,22723.2,无,私营业主,45,12026.75,女,11,79,15000及以上,无,6,21129.75,70,无,2016-11-18,2016-11-19 02:18:59,48299.0,B,经营收入,9,0,301041.0,,
pdu1****22881,2018-09-03 13:40:18,127049349,旅游,7500.0,20.0,6000.0,9363.45,无,私营业主,32,963.25,女,9,51,5000-8000（含5000）,无,6,8463.25,46,无,2017-06-14,2017-06-14 14:19:16,19728.0,B,个人存款,5,0,0.0,,
pdu4****20105,2018-09-03 08:03:54,127010398,日常消费,2576.0,20.0,7481.0,14378.24,无,私营业主,36,11307.03,男,12,85,5000-8000（含5000）,无,6,13883.03,75,无,2015-12-19,2015-12-19 12:09:29,45095.0,B,薪资收入,10,0,0.0,,
pdu4****53711,2018-09-04 09:34:37,127131682,日常消费,2000.0,20.0,12800.0,13684.86,无,暂未提供,32,11349.84,女,6,23,2000-5000（含2000）,无,6,13349.84,23,无,2017-05-07,2017-05-07 13:57:44,25071.0,B,个人存款,0,0,0.0,,
pdu5****66248,2018-09-02 12:57:18,126939008,日常消费,4021.0,20.0,5102.0,16931.49,无,暂未提供,28,11728.51,男,20,133,5000-8000（含5000）,无,6,15749.51,117,无,2016-07-01,2016-07-01 15:33:33,51342.0,B,薪资收入,16,0,0.0,,
pdu4****08841,2018-09-03 12:53:46,127044702,日常消费,14000.0,20.0,18243.0,24964.42,无,私营业主,46,11474.05,女,6,56,15000及以上,无,6,25474.05,56,无,2016-08-25,2016-08-25 15:02:23,44067.0,B,薪资收入,0,0,0.0,,
pdu7****38586,2018-09-03 10:14:09,127025318,日常消费,8432.0,20.0,12500.0,14842.99,无,公务员,53,7323.23,男,7,32,5000-8000（含5000）,无,6,15755.23,31,无,2017-09-03,2017-09-03 08:51:07,40295.0,B,个人存款,1,0,0.0,,
pdu8****07716,2018-09-04 08:45:13,127125980,日常消费,1941.0,20.0,3488.0,13395.66,无,私营业主,25,11220.72,男,19,83,5000-8000（含5000）,无,6,13161.72,83,无,2017-01-11,2017-03-03 15:28:09,32815.0,B,薪资收入,0,0,1470.0,,
pdu2****05408,2018-09-03 11:27:30,127035079,日常消费,2034.0,20.0,4000.0,11261.51,无,私营业主,28,8262.82,女,22,106,15000及以上,无,6,10296.82,88,无,2016-09-10,2016-09-24 08:00:28,39695.0,B,经营收入,18,0,0.0,,
pdu2****51222,2018-09-03 10:20:26,127026179,日常消费,8000.0,20.0,8200.0,8734.08,无,私营业主,30,0.0,女,11,56,8000-15000（含8000）,无,6,8000.0,49,无,2017-04-23,2017-04-24 16:19:44,34945.0,B,薪资收入,7,0,0.0,,
pdu0****34812,2018-09-02 19:33:10,126979375,日常消费,2954.0,20.0,3912.0,12433.58,无,私营业主,34,8018.94,男,22,92,5000-8000（含5000）,无,6,10972.94,81,无,2016-10-23,2016-10-23 05:54:42,42366.0,B,薪资收入,11,0,2000.0,,
pdu6****45418,2018-09-03 18:31:21,127084571,日常消费,2700.0,20.0,8618.0,23080.04,无,私营业主,33,16668.25,女,12,72,2000-5000（含2000）,无,6,19368.25,71,无,2016-10-20,2016-10-24 08:17:47,50461.0,B,经营收入,1,0,20915.0,,
pdu2****82456,2018-09-04 08:45:04,127125967,医疗,3515.0,20.0,10400.0,25290.21,无,私营业主,30,20413.48,男,19,137,5000-8000（含5000）,无,6,23928.48,137,无,2016-05-20,2016-05-20 13:40:52,93797.0,B,薪资收入,0,0,0.0,,
pdu7****33736,2018-09-03 10:12:03,127024992,旅游,1700.0,20.0,5000.0,11352.18,无,私营业主,25,9715.75,男,9,39,8000-15000（含8000）,无,6,11415.75,38,无,2017-10-22,2017-10-22 11:27:24,20500.0,B,经营收入,1,0,0.0,,
pdu7****12340,2018-09-04 00:40:34,127110590,日常消费,794.0,20.0,7149.0,11038.51,无,暂未提供,29,10099.52,男,9,59,5000-8000（含5000）,无,6,10893.52,55,无,2016-12-16,2017-01-24 15:56:45,25631.0,B,薪资收入,4,0,0.0,,
pdu7****11446,2018-09-03 11:32:24,127035692,医疗,1661.0,20.0,6300.0,8614.93,无,暂未提供,27,5396.14,男,18,71,5000-8000（含5000）,无,6,7057.14,66,无,2016-09-04,2016-09-04 13:20:45,34164.0,B,薪资收入,5,0,0.0,,
pdu4****10616,2018-09-04 08:35:49,127125070,日常消费,2710.0,20.0,9000.0,22216.39,无,私营业主,32,18853.23,男,23,111,8000-15000（含8000）,无,6,21563.23,111,无,2016-12-08,2016-12-08 22:50:03,81400.0,B,薪资收入,0,0,0.0,,
pdu7****24206,2018-09-03 10:35:34,127028188,日常消费,4300.0,20.0,12000.0,17325.22,无,私营业主,44,12331.03,男,8,38,5000-8000（含5000）,无,6,16631.03,38,无,2016-12-05,2016-12-05 09:33:23,40081.0,B,经营收入,0,0,37090.0,,
pdu0****88355,2018-09-02 14:59:45,126952707,日常消费,20000.0,20.0,30000.0,33274.02,无,私营业主,34,21682.68,女,7,23,15000及以上,无,6,41682.68,22,无,2017-04-05,2017-04-06 13:44:44,71951.0,B,经营收入,1,0,0.0,,
pdu4****65176,2018-09-03 18:01:38,127081483,日常消费,2900.0,20.0,18600.0,17036.55,无,暂未提供,31,17036.55,女,6,15,5000-8000（含5000）,无,6,19936.55,15,无,2016-04-20,2016-04-20 18:21:00,61600.0,B,薪资收入,0,0,259495.0,,
pdu2****00276,2018-09-03 10:45:44,127029536,装修,2000.0,20.0,11000.0,18451.38,无,暂未提供,34,12713.66,男,9,66,2000-5000（含2000）,无,6,14713.66,57,无,2016-07-03,2016-07-16 12:11:55,49194.0,B,薪资收入,9,0,0.0,,
pdu5****37760,2018-09-02 19:40:56,126979970,生产经营,3939.0,20.0,8313.0,28458.59,无,暂未提供,35,23582.42,女,17,123,15000及以上,无,6,27521.42,119,无,2016-06-21,2016-06-21 16:04:46,89206.0,B,经营收入,4,0,555224.0,,
pdu4****38615,2018-09-03 13:21:31,127047456,日常消费,2100.0,20.0,10273.0,21322.66,无,私营业主,30,18543.05,男,23,120,8000-15000（含8000）,无,6,20643.05,119,无,2016-09-10,2016-10-20 10:33:37,84765.0,B,薪资收入,1,0,0.0,,
pdu0****56843,2018-09-02 08:56:35,126910130,装修,5097.0,20.0,21069.0,27010.92,无,私营业主,43,20305.38,女,10,76,5000-8000（含5000）,无,6,25402.38,67,无,2016-05-22,2017-01-14 14:58:13,50562.0,B,经营收入,9,0,166776.0,,
pdu5****83521,2018-09-04 08:34:18,127124916,日常消费,2016.0,20.0,4600.0,15911.39,无,暂未提供,26,13482.07,女,36,192,2000-5000（含2000）,无,6,15498.07,191,无,2017-01-09,2017-01-15 09:59:41,57560.0,B,薪资收入,1,0,0.0,,
pdu6****73823,2018-09-04 09:24:25,127130386,装修,3200.0,20.0,6134.0,13411.33,无,私营业主,33,9207.27,男,19,95,8000-15000（含8000）,无,6,12407.27,90,无,2016-05-27,2016-05-27 08:56:46,59261.0,B,经营收入,5,0,111524.0,,
pdu2****36875,2018-09-03 10:07:37,127024364,装修,2600.0,20.0,10000.0,19387.86,无,暂未提供,27,16742.0,女,16,79,2000-5000（含2000）,无,6,19342.0,75,无,2017-02-09,2017-02-09 10:21:13,43100.0,B,经营收入,4,0,0.0,,
pdu8****77287,2018-09-03 14:59:14,127059170,旅游,1800.0,20.0,26000.0,38943.86,无,暂未提供,25,35933.77,女,13,67,2000-5000（含2000）,无,6,37733.77,56,无,2016-11-15,2016-11-17 19:10:48,58014.0,B,投资收入,11,0,5800.0,,
pdu2****82232,2018-09-03 17:38:10,127078884,生产经营,3849.0,20.0,11916.0,28947.19,无,暂未提供,35,24176.64,女,10,68,5000-8000（含5000）,无,6,28025.64,68,无,2016-05-12,2016-05-12 21:45:22,66716.0,B,经营收入,0,0,10050.0,,
pdu5****02104,2018-09-02 12:39:17,126937008,日常消费,5000.0,20.0,5500.0,15752.72,无,暂未提供,26,11000.58,男,11,58,5000-8000（含5000）,无,6,16000.58,57,无,2016-11-06,2016-11-06 10:06:20,38440.0,B,薪资收入,1,0,0.0,,
pdu****2360,2018-09-03 14:17:11,127053148,日常消费,14000.0,20.0,7000.0,18307.07,无,暂未提供,23,2807.8,女,35,139,5000-8000（含5000）,无,6,16807.8,139,无,2015-10-19,2015-10-20 10:02:33,74313.0,B,薪资收入,0,0,0.0,,
pdu3****51142,2018-09-03 10:57:54,127031187,日常消费,3000.0,20.0,7000.0,12203.99,无,私营业主,28,12203.99,男,10,34,5000-8000（含5000）,无,6,15203.99,34,无,2016-11-25,2016-12-01 19:38:06,41160.0,B,经营收入,0,0,0.0,,
pdu2****56272,2018-09-03 11:01:19,127031641,日常消费,14120.0,20.0,12000.0,15885.68,无,暂未提供,44,0.0,男,9,47,15000及以上,无,6,14120.0,44,无,2016-10-07,2016-10-07 16:25:24,55203.0,B,薪资收入,3,0,0.0,,
pdu****2737,2018-09-03 13:47:20,127050072,生产经营,4610.0,20.0,50500.0,61685.52,无,私营业主,40,29507.84,男,10,68,15000及以上,无,6,34117.84,65,无,2015-08-13,2015-08-13 16:22:26,93147.0,B,经营收入,3,0,63935.0,,
pdu3****80611,2018-09-03 15:16:42,127061547,日常消费,2300.0,20.0,7000.0,19902.39,无,暂未提供,30,16792.15,女,16,110,2000-5000（含2000）,无,6,19092.15,94,无,2016-05-03,2016-07-06 11:23:41,58192.0,B,薪资收入,16,0,4524.0,,
pdu5****48173,2018-09-03 10:06:13,127024166,日常消费,6253.0,20.0,6100.0,16106.15,无,私营业主,35,8827.91,女,17,84,8000-15000（含8000）,无,6,15080.91,67,无,2016-11-15,2016-11-16 01:18:39,56679.0,B,经营收入,17,0,0.0,,
pdu7****73824,2018-09-03 11:43:27,127037111,日常消费,5000.0,20.0,10000.0,20334.99,无,私营业主,48,14983.11,女,13,65,2000-5000（含2000）,无,6,19983.11,65,无,2016-11-21,2016-11-22 01:03:24,57700.0,B,经营收入,0,0,6000.0,,
ron****6346,2018-09-03 14:31:21,127054951,日常消费,1834.0,20.0,12000.0,17214.99,无,暂未提供,38,14573.25,男,12,86,5000-8000（含5000）,无,6,16407.25,83,无,2015-05-22,2015-05-22 16:55:13,66811.0,B,薪资收入,3,0,86114.0,,
pdu2****13171,2018-09-04 06:48:46,127118353,兼职创业,4814.0,20.0,10000.0,26932.35,无,暂未提供,25,21168.37,男,13,58,2000-5000（含2000）,无,6,25982.37,56,无,2016-07-30,2016-08-22 10:41:26,51700.0,B,薪资收入,2,0,0.0,,
pdu1****78473,2018-09-03 15:18:06,127061738,医疗,1973.0,20.0,4000.0,17045.95,无,私营业主,26,14517.37,女,12,48,2000-5000（含2000）,无,6,16490.370000000006,47,无,2017-08-15,2017-08-16 21:05:51,28053.0,B,薪资收入,1,0,2559.0,,
pdu3****56230,2018-09-04 00:05:21,127108760,旅游,3400.0,20.0,22800.0,25572.72,无,暂未提供,25,21196.6,男,14,81,5000-8000（含5000）,无,6,24596.6,81,无,2016-04-02,2016-04-02 14:21:39,67620.0,B,个人存款,0,0,21739.0,,
pdu3****48008,2018-09-03 13:09:12,127046233,日常消费,2507.0,20.0,8000.0,9009.31,无,暂未提供,44,4084.11,女,9,40,2000-5000（含2000）,无,6,6591.110000000002,31,无,2016-07-06,2017-08-27 14:20:59,16196.0,B,经营收入,9,0,0.0,,
pdu1****31448,2018-09-03 11:34:09,127035930,日常消费,2400.0,20.0,7900.0,22522.17,无,私营业主,46,19556.93,男,17,147,8000-15000（含8000）,无,6,21956.93,146,无,2016-05-30,2016-05-30 11:41:55,65003.0,B,经营收入,1,0,89630.0,,
pdu7****85281,2018-09-04 09:26:24,127130627,日常消费,2110.0,20.0,14000.0,24753.26,无,暂未提供,24,21858.61,女,11,65,2000-5000（含2000）,无,6,23968.61,65,无,2016-06-23,2016-06-23 22:09:48,63824.0,B,薪资收入,0,0,0.0,,
pdu6****25465,2018-09-04 09:07:23,127128369,生产经营,6246.0,20.0,8880.0,24161.81,无,私营业主,39,16663.15,女,16,74,15000及以上,无,6,22909.15,73,无,2016-08-14,2016-11-02 13:58:39,78184.0,B,经营收入,1,0,95324.0,,
pdu6****16503,2018-09-04 09:32:43,127131443,兼职创业,2500.0,20.0,22000.0,30092.98,无,暂未提供,31,26567.12,男,18,128,8000-15000（含8000）,无,6,29067.12,122,无,2016-03-22,2016-03-22 01:04:13,54437.0,B,经营收入,6,0,0.0,,
pdu6****26552,2018-09-03 10:18:22,127025908,旅游,2893.0,20.0,10000.0,14058.77,无,私营业主,40,10763.23,男,6,17,15000及以上,无,6,13656.23,15,无,2017-07-24,2017-07-25 10:05:22,23041.0,B,经营收入,2,0,0.0,,
pdu8****50583,2018-09-03 14:59:38,127059241,日常消费,5158.0,20.0,5000.0,12088.34,普通,暂未提供,23,8703.6,男,31,141,2000-5000（含2000）,专科,6,13861.6,120,石家庄医学高等专科学校,2016-06-12,2016-06-12 17:33:18,55091.0,B,薪资收入,21,0,0.0,,
pdu8****85672,2018-09-03 20:58:33,127097319,日常消费,3230.0,20.0,9245.0,17293.9,无,暂未提供,35,11954.15,男,14,82,8000-15000（含8000）,无,6,15184.15,78,无,2016-04-15,2016-04-16 11:30:57,64898.0,B,薪资收入,4,0,0.0,,
pdu2****34410,2018-09-03 14:20:07,127053491,兼职创业,2500.0,20.0,5000.0,10550.36,无,暂未提供,27,1896.31,男,8,44,5000-8000（含5000）,无,6,4396.31,34,无,2017-04-20,2017-04-21 17:58:52,16310.0,B,经营收入,10,0,0.0,,
pdu8****45374,2018-09-02 14:37:25,126950277,日常消费,5186.0,20.0,30000.0,35846.94,无,私营业主,41,28502.66,女,12,71,8000-15000（含8000）,无,6,33688.66,68,无,2016-09-28,2016-09-28 10:34:14,138717.0,B,经营收入,3,0,0.0,,
pdu2****44053,2018-09-03 09:33:48,127019844,日常消费,5000.0,20.0,8693.0,20127.06,无,私营业主,39,14289.7,女,16,104,5000-8000（含5000）,无,6,19289.7,103,无,2016-05-18,2016-06-27 17:59:30,40668.0,B,薪资收入,1,0,0.0,,
pdu7****60084,2018-09-02 14:30:23,126949487,生产经营,6000.0,20.0,9000.0,21679.62,无,私营业主,35,10085.6,女,11,70,5000-8000（含5000）,无,6,16085.6,60,无,2015-11-17,2016-10-12 04:36:56,53335.0,B,经营收入,10,0,0.0,,
pdu6****56233,2018-09-04 12:06:12,127151138,日常消费,25000.0,20.0,8500.0,20619.81,普通,私营业主,25,0.0,女,9,65,8000-15000（含8000）,专科,6,25000.0,49,安徽广播影视职业技术学院,2015-11-17,2015-11-26 12:18:38,55794.0,B,经营收入,16,0,0.0,,
pdu****6878,2018-09-03 11:33:45,127035865,装修,12490.0,20.0,14150.0,19339.04,普通,私营业主,32,12847.75,男,14,112,8000-15000（含8000）,专科,6,25337.75,95,河南工程学院,2015-09-19,2015-09-19 19:26:30,69791.0,B,经营收入,17,0,0.0,,
pdu****7427,2018-09-03 12:33:12,127042527,旅游,2315.0,20.0,9000.0,19012.42,无,暂未提供,24,16480.79,男,15,53,5000-8000（含5000）,无,6,18795.79,53,无,2015-09-23,2016-11-21 17:09:44,54057.0,B,经营收入,0,0,0.0,,
pdu7****77177,2018-09-03 20:28:32,127094981,兼职创业,2086.0,20.0,5800.0,13960.94,无,暂未提供,26,11588.25,男,7,38,2000-5000（含2000）,无,6,13674.25,38,无,2017-06-08,2017-08-31 10:32:50,25116.0,B,经营收入,0,0,0.0,,
pdu4****41118,2018-09-03 16:44:01,127072387,日常消费,1927.0,20.0,10827.0,18711.95,无,私营业主,27,16106.85,男,10,46,15000及以上,无,6,18033.85,45,无,2016-06-12,2016-07-17 20:05:12,51266.0,B,经营收入,1,0,98045.0,,
pdu3****33460,2018-09-03 12:17:54,127040826,生产经营,18000.0,20.0,14000.0,18887.79,无,暂未提供,29,0.0,女,6,24,15000及以上,无,6,18000.0,23,无,2016-11-16,2016-12-30 16:48:17,41200.0,B,经营收入,1,0,575.0,,
pdu5****61178,2018-09-03 19:37:54,127090716,日常消费,4000.0,20.0,6000.0,17803.4,无,暂未提供,34,12691.85,女,11,55,2000-5000（含2000）,无,6,16691.85,54,无,2017-03-03,2017-04-03 01:00:35,42780.0,B,投资收入,1,0,156232.0,,
pdu2****58767,2018-09-02 11:35:24,126929630,日常消费,11000.0,20.0,10000.0,28552.42,无,暂未提供,37,24308.6,男,6,23,8000-15000（含8000）,无,6,35308.6,23,无,2017-01-12,2017-01-17 17:02:50,28475.0,B,薪资收入,0,0,18906.0,,
pdu7****50528,2018-09-03 15:04:19,127059907,日常消费,4600.0,20.0,16000.0,24226.41,无,私营业主,32,19264.41,女,11,55,8000-15000（含8000）,无,6,23864.41,55,无,2016-02-24,2016-02-24 08:31:30,53463.0,B,薪资收入,0,0,0.0,,
pdu5****13066,2018-09-03 15:16:38,127061541,装修,2500.0,20.0,10000.0,20194.16,无,暂未提供,33,17480.96,女,10,53,5000-8000（含5000）,无,6,19980.96,52,无,2016-04-07,2016-04-07 06:19:30,54376.0,B,个人存款,1,0,2808.0,,
pdu7****48535,2018-09-03 09:38:11,127020411,装修,3214.0,20.0,6000.0,20946.67,无,私营业主,31,16946.21,女,19,103,5000-8000（含5000）,无,6,20160.21,91,无,2016-07-10,2016-07-10 05:52:12,63298.0,B,薪资收入,12,0,67500.0,,
pdu****2044,2018-09-03 11:24:11,127034652,医疗,2782.0,20.0,12400.0,19123.43,无,私营业主,38,16066.67,男,12,46,15000及以上,无,6,18848.67,35,无,2015-07-20,2015-07-20 16:54:40,67052.0,B,经营收入,11,0,0.0,,
pdu8****32383,2018-09-03 16:37:52,127071765,日常消费,3500.0,20.0,7000.0,20799.44,无,私营业主,29,19887.23,男,22,117,8000-15000（含8000）,无,6,23387.23,117,无,2016-07-20,2016-07-20 14:32:16,74400.0,B,薪资收入,0,0,0.0,,
pdu7****58824,2018-09-02 12:29:31,126935915,日常消费,5264.0,20.0,35665.0,45622.32,无,私营业主,23,40637.3,女,8,52,2000-5000（含2000）,无,6,45901.3,51,无,2016-10-10,2016-10-10 17:16:53,80368.0,B,薪资收入,1,0,3350.0,,
guo****559,2018-09-03 10:26:38,127026981,日常消费,4936.0,20.0,38104.0,60175.84,无,私营业主,36,22331.45,女,25,124,15000及以上,无,6,27267.45,120,无,2015-01-16,2015-01-16 15:42:12,145023.0,B,薪资收入,4,0,4680.0,,
pdu7****45112,2018-09-02 10:47:35,126923738,生产经营,5886.0,20.0,11059.0,27023.26,无,私营业主,46,20391.79,女,16,75,5000-8000（含5000）,无,6,26277.79,69,无,2017-01-09,2017-01-09 12:57:15,84853.0,B,薪资收入,6,0,0.0,,
pdu0****20281,2018-09-03 10:50:49,127030216,日常消费,10458.0,20.0,14801.0,26135.55,无,私营业主,32,12997.55,男,12,62,5000-8000（含5000）,无,6,23455.55,56,无,2016-02-19,2016-02-19 14:55:24,94541.0,B,经营收入,6,0,26825.0,,
pdu3****28100,2018-09-03 10:53:15,127030565,医疗,3000.0,20.0,20000.0,28544.73,无,私营业主,47,25226.68,男,14,77,15000及以上,无,6,28226.68,77,无,2016-07-05,2016-07-05 09:34:09,93216.0,B,投资收入,0,0,0.0,,
pdu3****01818,2018-09-04 09:29:35,127131046,日常消费,1963.0,20.0,5677.0,15189.47,无,暂未提供,33,12799.0,女,21,105,15000及以上,无,6,14762.0,104,无,2016-12-13,2016-12-19 19:41:49,43776.0,B,薪资收入,1,0,290377.0,,
pdu1****57023,2018-09-03 17:48:32,127080076,日常消费,2168.0,20.0,4000.0,15189.73,无,暂未提供,24,12654.08,男,31,152,5000-8000（含5000）,无,6,14822.08,145,无,2016-08-29,2016-12-26 23:56:41,54819.0,B,薪资收入,7,0,0.0,,
pdu4****65343,2018-09-02 18:22:51,126973568,日常消费,6245.0,20.0,12532.0,26114.03,无,私营业主,27,19103.73,男,11,74,8000-15000（含8000）,无,6,25348.73,73,无,2016-07-18,2016-07-18 09:33:47,58418.0,B,经营收入,1,0,0.0,,
pdu1****38667,2018-09-03 07:33:51,127008460,日常消费,3000.0,20.0,8863.0,24167.87,无,暂未提供,25,17990.32,女,21,138,5000-8000（含5000）,无,6,20990.32,123,无,2016-12-09,2017-03-11 16:12:18,58858.0,B,薪资收入,15,0,0.0,,
pdu5****66484,2018-09-03 17:49:00,127080133,日常消费,2312.0,20.0,5160.0,7043.58,无,私营业主,24,5402.73,男,6,44,15000及以上,无,6,7714.73,41,无,2016-08-09,2016-08-09 10:03:02,16985.0,B,薪资收入,3,0,0.0,,
ain****iao,2018-09-03 16:42:21,127072235,旅游,2600.0,20.0,16700.0,20560.68,无,私营业主,31,16115.37,女,8,30,8000-15000（含8000）,无,6,18715.370000000006,27,无,2014-11-22,2017-10-16 21:08:27,44000.0,B,薪资收入,3,0,113487.0,,
pdu5****16700,2018-09-04 07:45:25,127121173,装修,3286.0,20.0,20000.0,23323.56,无,暂未提供,37,19019.8,女,10,58,5000-8000（含5000）,无,6,22305.8,58,无,2017-10-09,2017-10-10 13:30:51,48417.0,B,经营收入,0,0,0.0,,
pdu5****22360,2018-09-03 14:21:21,127053634,装修,4000.0,20.0,5000.0,15855.81,无,暂未提供,28,12742.81,女,9,32,5000-8000（含5000）,无,6,16742.809999999998,32,无,2017-06-10,2017-06-10 22:28:42,28282.0,B,薪资收入,0,0,0.0,,
pdu8****16627,2018-09-03 10:15:16,127025489,日常消费,3290.0,20.0,18000.0,22395.78,无,暂未提供,36,18272.88,男,8,33,5000-8000（含5000）,无,6,21562.88,33,无,2017-10-31,2017-11-02 07:58:59,39568.0,B,薪资收入,0,0,27367.0,,
pdu5****72200,2018-09-03 17:32:39,127078236,旅游,2537.0,20.0,7000.0,15476.33,无,私营业主,26,12547.44,女,10,64,5000-8000（含5000）,无,6,15084.44,63,无,2016-12-29,2016-12-29 21:54:50,37117.0,B,经营收入,1,0,0.0,,
pdu4****55061,2018-09-03 13:58:30,127051190,日常消费,4779.0,20.0,12000.0,26706.48,无,暂未提供,33,21705.35,女,10,74,5000-8000（含5000）,无,6,26484.35,74,无,2016-12-25,2016-12-25 10:26:46,52563.0,B,薪资收入,0,0,0.0,,
pdu3****57037,2018-09-03 16:52:50,127073401,装修,4610.0,20.0,11022.0,17851.07,无,暂未提供,35,12216.61,男,7,58,5000-8000（含5000）,无,6,16826.61,51,无,2016-01-14,2016-08-29 14:27:43,31804.0,B,薪资收入,7,0,0.0,,
pdu6****12676,2018-09-02 18:21:26,126973456,装修,4449.0,20.0,12435.0,27629.1,无,暂未提供,50,22546.83,女,19,93,5000-8000（含5000）,无,6,26995.83,81,无,2016-04-12,2016-04-14 16:15:57,86275.0,B,经营收入,12,0,0.0,,
pdu5****03204,2018-09-04 08:47:48,127126283,装修,2391.0,20.0,7500.0,18336.89,无,私营业主,25,15001.46,男,31,162,8000-15000（含8000）,无,6,17392.46,162,无,2015-11-22,2015-11-24 16:40:56,92085.0,B,经营收入,0,0,0.0,,
pdu0****27538,2018-09-03 00:41:02,126998643,日常消费,9042.0,20.0,10000.0,20690.76,无,暂未提供,25,10531.61,男,19,130,2000-5000（含2000）,无,6,19573.61,129,无,2016-04-01,2016-04-01 09:52:19,78421.0,B,薪资收入,1,0,20805.0,,
pdu****1485,2018-09-03 03:02:51,127002646,日常消费,2580.0,20.0,8000.0,20977.21,无,暂未提供,36,17561.21,男,21,100,8000-15000（含8000）,无,6,20141.21,86,无,2015-11-08,2015-11-08 15:03:47,69963.0,B,经营收入,14,0,0.0,,
pdu1****16048,2018-09-03 16:38:26,127071827,日常消费,2600.0,20.0,6000.0,16192.41,无,暂未提供,26,13189.28,男,9,33,2000-5000（含2000）,无,6,15789.28,33,无,2017-07-06,2017-10-31 21:09:37,27875.0,B,薪资收入,0,0,0.0,,
pdu6****33178,2018-09-03 08:19:58,127011689,日常消费,2606.0,20.0,5345.0,11953.65,无,暂未提供,44,8848.11,女,27,103,2000-5000（含2000）,无,6,11454.11,95,无,2017-03-31,2017-04-01 11:28:52,42614.0,B,薪资收入,8,0,337.0,,
pdu1****86476,2018-09-03 09:38:09,127020409,兼职创业,3700.0,20.0,10000.0,22649.63,无,私营业主,24,18654.24,女,8,31,8000-15000（含8000）,无,6,22354.24,31,无,2016-10-04,2016-12-24 23:52:58,36682.0,B,经营收入,0,0,0.0,,
pdu5****52340,2018-09-03 09:35:58,127020108,装修,4500.0,20.0,16000.0,21022.34,无,私营业主,26,14841.42,男,9,47,8000-15000（含8000）,无,6,19341.42,46,无,2016-06-18,2017-11-03 09:22:59,36900.0,B,经营收入,1,0,12360.0,,
pdu2****15232,2018-09-03 19:50:03,127091773,日常消费,1158.0,20.0,9128.0,15169.33,无,暂未提供,27,13740.36,男,6,27,5000-8000（含5000）,无,6,14898.36,23,无,2017-09-11,2017-09-11 19:19:58,23221.0,B,投资收入,4,0,0.0,,
pdu1****66732,2018-09-03 08:39:39,127013570,医疗,3500.0,20.0,15000.0,24673.02,无,私营业主,47,20345.11,男,13,55,15000及以上,无,6,23845.11,55,无,2016-10-17,2016-10-17 05:30:33,79335.0,B,经营收入,0,0,187877.0,,
pdu0****87124,2018-09-03 11:21:24,127034303,日常消费,14868.0,20.0,16000.0,28454.01,无,暂未提供,31,11918.21,男,9,54,8000-15000（含8000）,无,6,26786.21,51,无,2016-03-31,2016-03-31 19:45:21,73226.0,B,薪资收入,3,0,652.0,,
pdu6****14627,2018-09-03 13:45:02,127049836,日常消费,2900.0,20.0,10000.0,17761.8,无,私营业主,29,14129.71,男,11,52,8000-15000（含8000）,无,6,17029.71,49,无,2017-08-31,2017-09-02 19:59:15,39586.0,B,经营收入,3,0,76709.0,,
pdu8****75324,2018-09-03 17:48:12,127080041,兼职创业,3095.0,20.0,3000.0,7641.88,无,暂未提供,23,4274.39,女,13,74,2000-5000（含2000）,无,6,7369.39,62,无,2017-06-20,2017-06-23 17:15:42,19285.0,B,薪资收入,12,0,11734.0,,
pdu4****36387,2018-09-03 09:24:44,127018643,日常消费,3000.0,20.0,5431.0,17340.89,无,暂未提供,30,14845.67,女,10,54,5000-8000（含5000）,无,6,17845.67,40,无,2016-07-14,2016-07-14 16:02:38,40431.0,B,薪资收入,14,0,0.0,,
pdu0****12344,2018-09-03 21:11:24,127098300,日常消费,1453.0,20.0,14000.0,22966.38,无,暂未提供,29,20728.14,男,6,24,5000-8000（含5000）,无,6,22181.14,24,无,2016-08-26,2017-08-06 08:20:40,37800.0,B,薪资收入,0,0,27887.0,,
pdu2****28136,2018-09-02 20:25:47,126983379,日常消费,5127.0,20.0,15000.0,34930.68,无,私营业主,27,28829.57,男,11,47,8000-15000（含8000）,无,6,33956.57,46,无,2017-03-01,2017-03-02 11:52:02,70068.0,B,经营收入,1,0,0.0,,
pdu6****76762,2018-09-02 17:09:13,126966519,生产经营,17000.0,20.0,11740.0,18540.96,无,私营业主,26,0.0,男,11,71,8000-15000（含8000）,无,6,17000.0,67,无,2016-05-17,2016-05-17 12:04:24,71434.0,B,经营收入,4,0,0.0,,
pdu6****34666,2018-09-04 11:51:18,127149293,日常消费,1568.0,20.0,8000.0,15678.97,无,私营业主,23,13323.33,女,8,37,5000-8000（含5000）,无,6,14891.33,36,无,2017-09-02,2017-09-02 13:08:42,28393.0,B,薪资收入,1,0,2964.0,,
pdu3****14516,2018-09-03 15:05:50,127060133,装修,3873.0,20.0,9838.0,18182.06,无,私营业主,36,13139.28,男,11,56,15000及以上,无,6,17012.28,52,无,2017-01-01,2017-01-03 18:30:49,54220.0,B,经营收入,4,0,0.0,,
pdu7****06658,2018-09-04 09:34:41,127131695,生产经营,5292.0,20.0,13607.0,28215.9,无,私营业主,32,22199.48,男,16,75,8000-15000（含8000）,无,6,27491.48,69,无,2016-08-23,2016-08-23 17:25:53,88455.0,B,经营收入,6,0,0.0,,
pdu6****57680,2018-09-04 00:56:59,127111264,日常消费,2547.0,20.0,11000.0,20839.03,无,暂未提供,23,17343.6,男,19,105,8000-15000（含8000）,无,6,19890.6,105,无,2017-02-07,2017-02-07 23:57:23,59845.0,B,薪资收入,0,0,0.0,,
pdu6****32657,2018-09-04 12:06:46,127151209,生产经营,3000.0,20.0,10000.0,15817.74,无,暂未提供,25,12704.88,女,8,32,2000-5000（含2000）,无,6,15704.88,32,无,2017-06-26,2017-07-09 11:45:53,33287.0,B,个人存款,0,0,2600.0,,
pdu4****87676,2018-09-02 19:02:27,126976903,旅游,4986.0,20.0,5500.0,14093.27,无,私营业主,48,7521.77,男,8,65,8000-15000（含8000）,无,6,12507.77,45,无,2016-09-02,2016-09-20 18:31:52,32140.0,B,经营收入,20,0,0.0,,
pdu0****53088,2018-09-03 16:14:46,127069155,兼职创业,15000.0,20.0,18000.0,19802.88,无,暂未提供,30,2027.36,女,11,56,15000及以上,无,6,17027.36,51,无,2016-03-22,2016-03-22 21:21:21,46600.0,B,薪资收入,5,0,0.0,,
pdu8****48114,2018-09-04 06:22:22,127117487,生产经营,3053.0,20.0,11932.0,26179.25,无,暂未提供,33,22527.44,女,24,87,8000-15000（含8000）,无,6,25580.44,87,无,2016-11-10,2016-11-10 15:33:00,109121.0,B,薪资收入,0,0,143147.0,,
pdu8****10140,2018-09-04 09:42:58,127132770,装修,2746.0,20.0,4989.0,6344.76,无,私营业主,29,2877.4,女,8,33,8000-15000（含8000）,无,6,5623.4,12,无,2016-09-11,2017-05-24 12:12:39,15923.42,B,经营收入,21,0,0.0,,
pdu3****06541,2018-09-03 11:21:51,127034374,日常消费,4356.0,20.0,15000.0,29859.2,无,暂未提供,32,12779.74,男,23,90,8000-15000（含8000）,无,6,17135.739999999998,86,无,2016-08-22,2016-08-22 15:00:42,80171.0,B,薪资收入,4,0,3063.0,,
pdu8****35660,2018-09-03 23:52:13,127108045,日常消费,4000.0,20.0,10100.0,19253.59,无,暂未提供,24,14543.33,男,11,61,5000-8000（含5000）,无,6,18543.33,59,无,2016-12-28,2017-01-10 21:15:13,48100.0,B,薪资收入,2,0,0.0,,
pdu4****00863,2018-09-04 09:16:19,127129457,日常消费,2200.0,20.0,12000.0,18059.32,无,私营业主,41,15429.04,女,10,37,5000-8000（含5000）,无,6,17629.04,37,无,2017-02-27,2017-02-27 18:38:25,63583.0,B,经营收入,0,0,125000.0,,
pdu2****33126,2018-09-03 11:20:22,127034166,装修,4000.0,20.0,5000.0,18732.18,无,暂未提供,36,13931.36,女,8,42,5000-8000（含5000）,无,6,17931.36,41,无,2016-07-10,2016-07-10 11:53:04,35396.0,B,经营收入,1,0,0.0,,
pdu0****66684,2018-09-03 17:20:07,127076786,日常消费,2238.0,20.0,13260.0,17198.63,无,私营业主,32,14791.12,男,8,33,15000及以上,无,6,17029.120000000006,32,无,2016-02-17,2016-02-17 08:46:33,44025.0,B,经营收入,1,0,52446.0,,
pdu2****21314,2018-09-03 13:40:39,127049377,生产经营,13380.0,20.0,5133.0,15113.69,无,暂未提供,30,0.0,女,22,119,2000-5000（含2000）,无,6,13380.0,113,无,2016-12-29,2016-12-29 18:43:13,53474.0,B,经营收入,6,0,0.0,,
pdu2****10871,2018-09-03 08:13:35,127011153,生产经营,5000.0,20.0,9000.0,15534.67,无,私营业主,38,10543.92,男,14,85,2000-5000（含2000）,无,6,15543.92,84,无,2016-01-01,2016-02-03 12:05:04,59931.0,B,经营收入,1,0,0.0,,
pdu6****36874,2018-09-03 23:52:07,127108040,日常消费,1200.0,20.0,15000.0,28026.48,无,私营业主,36,26355.42,男,7,38,8000-15000（含8000）,无,6,27555.42,37,无,2015-12-01,2015-12-01 01:28:10,49370.0,B,经营收入,1,0,0.0,,
pdu7****27226,2018-09-03 20:17:47,127094122,医疗,1400.0,20.0,7000.0,12183.44,无,暂未提供,24,10891.26,男,10,27,2000-5000（含2000）,无,6,12291.26,23,无,2017-02-22,2017-06-22 20:55:13,25350.0,B,投资收入,4,0,0.0,,
pdu4****57751,2018-09-03 20:16:15,127094000,装修,5933.0,20.0,17700.0,22898.1,无,暂未提供,40,16986.98,男,8,66,8000-15000（含8000）,无,6,22919.98,64,无,2016-01-29,2016-02-11 09:31:44,53951.0,B,薪资收入,2,0,109405.0,,
pdu1****66028,2018-09-03 21:39:33,127100267,日常消费,2679.0,20.0,10414.0,15825.42,无,暂未提供,26,12693.95,女,7,25,8000-15000（含8000）,无,6,15372.95,22,无,2017-06-08,2017-06-08 07:52:06,33719.0,B,薪资收入,3,0,0.0,,
pdu4****78840,2018-09-04 05:13:31,127116297,装修,4902.0,20.0,7023.0,16735.5,无,暂未提供,48,10854.65,男,20,116,5000-8000（含5000）,无,6,15756.65,113,无,2016-10-23,2016-10-27 10:23:43,57574.0,B,薪资收入,3,0,0.0,,
pdu2****22880,2018-09-04 09:37:35,127132069,日常消费,3584.0,20.0,14000.0,23668.92,无,暂未提供,32,19338.09,女,13,57,2000-5000（含2000）,无,6,22922.09,57,无,2016-02-14,2016-02-14 12:30:30,77222.0,B,薪资收入,0,0,0.0,,
pdu8****68005,2018-09-03 10:43:57,127029327,日常消费,3853.0,20.0,6374.0,24636.1,无,私营业主,45,19882.97,女,22,124,5000-8000（含5000）,无,6,23735.97,123,无,2016-06-09,2016-06-22 15:40:06,92148.0,B,经营收入,1,0,1725.0,,
pdu6****47050,2018-09-03 23:07:55,127105755,日常消费,1906.0,20.0,9840.0,19431.13,无,私营业主,39,17058.95,女,19,77,5000-8000（含5000）,无,6,18964.95,73,无,2016-02-03,2017-01-02 18:38:41,51378.0,B,经营收入,4,0,24483.0,,
pdu7****40844,2018-09-04 09:05:55,127128184,日常消费,4841.0,20.0,11939.0,27403.17,无,暂未提供,31,22080.89,女,13,69,2000-5000（含2000）,无,6,26921.89,69,无,2016-07-29,2016-07-29 11:34:41,87374.0,B,薪资收入,0,0,26469.0,,
pdu4****57801,2018-09-04 09:14:29,127129215,日常消费,1935.0,20.0,8500.0,10312.6,无,私营业主,36,8251.16,女,10,42,8000-15000（含8000）,无,6,10186.16,37,无,2017-09-04,2017-09-04 11:38:51,23390.0,B,经营收入,5,0,0.0,,
pdu2****17708,2018-09-03 16:11:18,127068703,装修,5000.0,20.0,10000.0,12900.44,无,私营业主,34,6258.56,女,6,37,5000-8000（含5000）,无,6,11258.56,30,无,2016-06-26,2016-06-27 00:28:58,28238.0,B,个人存款,7,0,0.0,,
pdu7****41574,2018-09-04 08:39:36,127125440,日常消费,3300.0,20.0,10000.0,22471.51,无,暂未提供,41,20032.85,女,12,55,8000-15000（含8000）,无,6,23332.85,53,无,2016-12-08,2016-12-08 13:07:31,63183.0,B,薪资收入,2,0,0.0,,
pdu6****52128,2018-09-03 11:37:33,127036323,兼职创业,6600.0,20.0,6600.0,7320.8,无,私营业主,38,0.0,男,6,38,5000-8000（含5000）,无,6,6600.0,33,无,2016-12-13,2016-12-15 11:30:42,26235.0,B,薪资收入,5,0,0.0,,
z**u,2018-09-03 14:44:00,127056939,日常消费,14178.0,20.0,21000.0,25756.1,无,暂未提供,51,10005.96,男,10,64,8000-15000（含8000）,无,6,24183.96,62,无,2014-07-23,2014-08-07 10:03:25,101097.0,B,经营收入,2,0,0.0,,
pdu****3876,2018-09-04 09:23:54,127130320,日常消费,1500.0,20.0,7000.0,10523.13,无,暂未提供,34,8610.55,男,13,54,8000-15000（含8000）,无,6,10110.55,51,无,2015-10-16,2015-10-16 19:16:01,32500.0,B,薪资收入,3,0,0.0,,
pdu3****03061,2018-09-03 15:34:32,127063943,日常消费,19522.0,20.0,13600.0,22589.6,无,暂未提供,47,14799.19,女,16,97,8000-15000（含8000）,无,6,34321.19,87,无,2016-07-18,2016-09-26 14:49:50,76674.0,B,经营收入,10,0,0.0,,
pdu2****05302,2018-09-03 19:22:48,127089339,旅游,4968.0,20.0,8569.0,22008.19,无,私营业主,23,15755.72,男,12,61,5000-8000（含5000）,无,6,20723.72,57,无,2016-10-27,2016-10-27 17:59:45,50830.0,B,经营收入,4,0,4631.0,,
pdu5****67473,2018-09-03 09:52:45,127022299,日常消费,4000.0,20.0,10000.0,25531.03,无,暂未提供,26,20735.95,男,13,89,5000-8000（含5000）,无,6,24735.95,89,无,2016-10-12,2016-10-12 10:34:08,51683.0,B,薪资收入,0,0,0.0,,
pdu0****61384,2018-09-02 10:27:20,126921156,生产经营,10000.0,20.0,10000.0,22104.72,无,私营业主,43,15814.2,女,15,88,8000-15000（含8000）,无,6,25814.2,87,无,2016-11-18,2017-01-06 18:11:31,65923.0,B,经营收入,1,0,7448.0,,
pdu0****24627,2018-09-03 07:28:54,127008185,日常消费,3518.0,20.0,9905.0,19943.57,无,暂未提供,25,15732.21,女,12,80,8000-15000（含8000）,无,6,19250.21,53,无,2016-03-06,2016-03-11 22:34:23,51165.0,B,投资收入,27,0,36580.0,,
pdu5****02504,2018-09-03 10:39:57,127028800,日常消费,5152.0,20.0,17858.0,27443.39,无,私营业主,38,13940.11,男,14,93,15000及以上,无,6,19092.11,90,无,2015-12-28,2015-12-28 13:04:22,79624.0,B,经营收入,3,0,301880.0,,
ma****30,2018-09-04 09:05:13,127128099,日常消费,2484.0,20.0,10000.0,20372.44,无,暂未提供,40,17570.84,男,19,98,5000-8000（含5000）,无,6,20054.84,98,无,2013-04-08,2016-10-09 13:45:04,68576.0,B,薪资收入,0,0,0.0,,
pdu1****55305,2018-09-02 14:24:30,126948746,日常消费,10000.0,20.0,13583.0,20374.81,无,暂未提供,25,3748.16,男,9,75,8000-15000（含8000）,无,6,13748.16,65,无,2015-11-17,2015-12-22 16:13:14,54140.0,B,薪资收入,10,0,0.0,,
pdu4****40833,2018-09-04 07:54:26,127121767,日常消费,2500.0,20.0,5250.0,11031.7,无,暂未提供,22,10011.36,男,14,48,2000-5000（含2000）,无,6,12511.36,48,无,2017-10-10,2017-10-11 10:13:23,27750.0,B,薪资收入,0,0,6919.0,,
SI****ER,2018-09-03 19:36:03,127090551,装修,2774.0,20.0,7089.0,13001.34,无,私营业主,36,9985.35,男,23,108,15000及以上,无,6,12759.35,72,无,2014-06-21,2014-06-21 17:40:59,74383.0,B,经营收入,36,0,0.0,,
ron****6115,2018-09-03 16:15:53,127069270,旅游,4000.0,20.0,11500.0,25975.3,无,私营业主,43,21345.17,男,13,77,8000-15000（含8000）,无,6,25345.17,72,无,2015-06-06,2015-06-06 19:13:52,84307.0,B,投资收入,5,0,29625.0,,
pdu6****57702,2018-09-03 19:35:22,127090479,日常消费,2000.0,20.0,5500.0,11681.78,无,暂未提供,23,10928.27,男,14,103,8000-15000（含8000）,无,6,12928.27,101,无,2017-03-05,2017-03-05 16:56:44,27182.0,B,薪资收入,2,0,0.0,,
pdu****6787,2018-09-04 08:48:46,127126381,日常消费,4077.0,20.0,18000.0,27184.07,无,私营业主,29,22422.97,女,14,78,8000-15000（含8000）,无,6,26499.97,75,无,2015-09-17,2015-09-17 15:08:19,103503.0,B,经营收入,3,0,0.0,,
pdu7****45615,2018-09-03 14:05:58,127051909,日常消费,5000.0,20.0,12000.0,24199.77,无,暂未提供,47,17640.9,女,13,53,5000-8000（含5000）,无,6,22640.9,51,无,2017-03-08,2017-03-10 11:11:21,66106.0,B,薪资收入,2,0,0.0,,
pdu7****40183,2018-09-04 09:43:07,127132790,装修,2367.0,20.0,9055.0,15425.85,无,私营业主,33,12659.63,女,14,63,5000-8000（含5000）,无,6,15026.63,62,无,2016-10-13,2017-03-04 10:56:10,39341.0,B,经营收入,1,0,89038.0,,
pdu3****53204,2018-09-04 08:40:12,127125497,日常消费,2100.0,20.0,10000.0,20789.43,无,暂未提供,36,17980.58,女,12,57,5000-8000（含5000）,无,6,20080.58,53,无,2016-11-02,2016-11-03 02:17:59,45160.0,B,薪资收入,4,0,0.0,,
pdu2****67680,2018-09-02 11:48:03,126931171,日常消费,7991.0,20.0,4230.0,13387.14,无,暂未提供,33,3435.0,男,29,166,15000及以上,无,6,11426.0,115,无,2015-12-02,2015-12-03 15:04:17,64947.0,B,经营收入,51,0,35533.0,,
pdu2****61158,2018-09-03 13:48:35,127050191,装修,6267.0,20.0,10507.0,16297.96,无,私营业主,36,11172.99,女,12,85,2000-5000（含2000）,无,6,17439.989999999998,80,无,2016-08-18,2016-08-18 21:29:26,47126.0,B,薪资收入,5,0,0.0,,
pdu7****87110,2018-09-04 09:42:00,127132649,日常消费,3000.0,20.0,7000.0,15530.97,无,私营业主,29,12913.73,女,23,104,15000及以上,无,6,15913.73,86,无,2016-07-12,2016-08-01 15:17:05,61372.0,B,经营收入,18,0,0.0,,
pdu****2570,2018-09-03 10:05:30,127024055,旅游,4000.0,20.0,10557.0,28146.96,无,暂未提供,50,23370.27,男,16,123,5000-8000（含5000）,无,6,27370.27,115,无,2015-03-02,2015-03-02 10:13:46,89508.0,B,个人存款,8,0,0.0,,
pdu5****45233,2018-09-03 15:23:16,127062422,装修,4000.0,20.0,10000.0,21840.94,无,私营业主,39,17122.7,男,12,54,15000及以上,无,6,21122.7,49,无,2016-07-23,2016-07-23 16:53:28,52300.0,B,薪资收入,5,0,0.0,,
pdu2****25712,2018-09-04 11:04:44,127143497,日常消费,1000.0,20.0,13053.0,20912.6,无,暂未提供,33,18049.46,男,22,147,5000-8000（含5000）,无,6,19049.46,125,无,2015-12-26,2015-12-26 21:10:44,44627.0,B,薪资收入,22,0,0.0,,
pdu****6665,2018-09-03 18:08:28,127082150,日常消费,4513.0,20.0,14000.0,14967.84,无,暂未提供,35,9931.9,女,7,68,5000-8000（含5000）,无,6,14444.9,51,无,2015-10-21,2015-10-21 19:53:53,39454.0,B,经营收入,17,0,0.0,,
pdu****7485,2018-09-03 22:59:34,127105309,日常消费,5000.0,20.0,16620.0,19729.95,无,暂未提供,36,9470.14,女,9,72,5000-8000（含5000）,无,6,14470.14,68,无,2015-09-21,2015-09-21 14:41:46,41897.0,B,经营收入,4,0,1000.0,,
pdu2****76848,2018-09-03 14:02:19,127051556,日常消费,5300.0,20.0,12000.0,18770.15,无,暂未提供,38,13771.89,男,9,61,5000-8000（含5000）,无,6,19071.89,60,无,2016-08-30,2016-08-30 20:02:07,48448.0,B,薪资收入,1,0,0.0,,
pdu5****34386,2018-09-03 22:50:58,127104833,旅游,1400.0,20.0,3671.0,10888.5,无,暂未提供,24,9864.98,男,20,90,5000-8000（含5000）,无,6,11264.98,82,无,2016-10-24,2016-10-24 22:39:28,35541.0,B,薪资收入,8,0,0.0,,
pdu7****61876,2018-09-03 14:29:20,127054660,日常消费,5368.0,20.0,4500.0,19534.39,无,暂未提供,23,13559.84,男,10,46,8000-15000（含8000）,无,6,18927.84,40,无,2017-03-16,2017-03-20 13:14:54,29632.0,B,薪资收入,6,0,0.0,,
pdu8****64262,2018-09-04 06:50:03,127118401,装修,4659.0,20.0,10000.0,28451.96,无,私营业主,24,23018.37,女,16,100,2000-5000（含2000）,无,6,27677.37,99,无,2016-03-18,2016-03-19 13:41:46,91397.0,B,经营收入,1,0,0.0,,
pdu5****77450,2018-09-04 07:45:23,127121170,日常消费,3430.0,20.0,12580.0,16756.12,无,私营业主,48,12938.22,男,8,41,8000-15000（含8000）,无,6,16368.22,41,无,2015-12-20,2016-02-19 12:15:58,50919.0,B,薪资收入,0,0,121137.0,,
pdu****2044,2018-09-04 12:53:21,127156712,日常消费,1571.0,20.0,14690.0,24590.91,无,私营业主,35,22364.09,男,14,72,15000及以上,无,6,23935.09,69,无,2015-05-26,2015-05-26 16:59:27,85039.0,B,经营收入,3,0,63564.0,,
pdu8****60108,2018-09-03 22:39:37,127104153,日常消费,7190.0,20.0,6042.0,10039.83,无,暂未提供,34,3622.78,女,13,64,8000-15000（含8000）,无,6,10812.78,50,无,2016-10-23,2016-10-24 00:10:47,40829.0,B,经营收入,14,0,0.0,,
pdu2****34144,2018-09-03 10:07:03,127024280,兼职创业,4589.0,20.0,5102.0,11812.05,无,私营业主,24,7596.33,男,9,36,2000-5000（含2000）,无,6,12185.33,32,无,2018-02-09,2018-02-12 11:25:24,14650.0,B,薪资收入,4,0,1037.0,,
pdu1****80868,2018-09-03 13:10:57,127046415,日常消费,3460.0,20.0,6500.0,7237.79,无,私营业主,39,2654.8,男,6,33,5000-8000（含5000）,无,6,6114.8,23,无,2017-11-02,2017-11-02 20:31:06,15034.0,B,薪资收入,10,0,0.0,,
pdu1****20746,2018-09-04 08:44:50,127125944,日常消费,4071.0,20.0,7020.0,22632.54,无,私营业主,48,17789.45,男,15,87,5000-8000（含5000）,无,6,21860.45,86,无,2016-12-28,2017-02-25 21:10:00,56819.0,B,个人存款,1,0,15022.0,,
pdu1****80708,2018-09-04 06:37:59,127117961,日常消费,2000.0,20.0,9700.0,16312.8,无,暂未提供,43,13595.16,男,15,68,2000-5000（含2000）,无,6,15595.16,67,无,2016-12-13,2016-12-13 21:41:36,49806.0,B,薪资收入,1,0,0.0,,
pdu6****34017,2018-09-04 07:01:19,127118845,生产经营,2000.0,20.0,5000.0,6655.23,无,私营业主,25,5537.91,男,7,26,2000-5000（含2000）,无,6,7537.91,22,无,2017-10-10,2017-10-15 12:40:39,13543.0,B,个人存款,4,0,0.0,,
liu****003,2018-09-03 10:23:28,127026581,日常消费,8258.0,20.0,17632.0,23314.35,无,私营业主,29,13944.67,男,10,62,15000及以上,无,6,22202.67,60,无,2014-12-09,2016-03-02 09:03:30,85249.0,B,经营收入,2,0,0.0,,
pdu6****12811,2018-09-03 11:02:26,127031787,兼职创业,4500.0,20.0,10000.0,25428.25,无,暂未提供,25,21016.79,男,16,73,5000-8000（含5000）,无,6,25516.79,71,无,2016-04-20,2016-04-20 15:48:25,64638.0,B,薪资收入,2,0,0.0,,
pdu8****24110,2018-09-04 09:03:14,127127872,装修,2004.0,20.0,5000.0,16864.86,无,私营业主,27,15126.45,男,16,80,8000-15000（含8000）,无,6,17130.45,74,无,2016-03-04,2016-03-04 07:37:18,47536.0,B,薪资收入,6,0,0.0,,
pdu8****62631,2018-09-04 08:39:52,127125469,兼职创业,5999.0,20.0,6000.0,11234.49,无,暂未提供,23,11234.49,女,6,22,5000-8000（含5000）,无,6,17233.489999999998,22,无,2017-02-19,2017-02-19 17:07:43,20730.0,B,薪资收入,0,0,0.0,,
pdu2****15517,2018-09-03 15:23:23,127062438,旅游,5662.0,20.0,17516.0,28433.7,无,私营业主,50,21749.24,女,17,124,15000及以上,无,6,27411.24,123,无,2016-01-20,2016-01-21 17:34:59,96385.0,B,个人存款,1,0,293.0,,
pdu5****23141,2018-09-03 09:26:44,127018913,旅游,3500.0,20.0,22000.0,25882.21,无,私营业主,42,21959.02,男,10,41,15000及以上,无,6,25459.02,40,无,2016-10-06,2016-11-07 17:21:39,70837.0,B,薪资收入,1,0,102297.0,,
pdu6****55760,2018-09-03 19:11:32,127088320,生产经营,5457.0,20.0,10494.0,15406.71,无,暂未提供,24,9885.89,男,10,57,5000-8000（含5000）,无,6,15342.89,53,无,2017-01-02,2017-01-02 12:22:58,32429.0,B,薪资收入,4,0,0.0,,
pdu****3166,2018-09-03 22:08:14,127102228,日常消费,1769.0,20.0,7112.0,9617.65,无,暂未提供,21,6951.35,女,8,29,2000-5000（含2000）,无,6,8720.35,25,无,2015-11-01,2017-08-01 10:29:29,18633.0,B,薪资收入,4,0,12814.0,,
pdu8****03447,2018-09-03 16:20:20,127069768,医疗,2900.0,20.0,13200.0,29585.99,无,暂未提供,41,24894.96,女,14,87,5000-8000（含5000）,无,6,27794.96,87,无,2016-10-21,2016-10-21 23:14:47,59151.0,B,薪资收入,0,0,0.0,,
MAXI****N520,2018-09-03 08:25:18,127012141,医疗,5260.0,20.0,15000.0,27525.02,无,私营业主,33,23215.98,女,10,49,8000-15000（含8000）,无,6,28475.98,49,无,2014-07-22,2014-07-22 21:54:18,73045.0,B,经营收入,0,0,0.0,,
pdu0****53441,2018-09-02 12:20:12,126934856,日常消费,6000.0,20.0,10675.0,14432.42,无,私营业主,33,12973.83,男,7,33,5000-8000（含5000）,无,6,18973.83,33,无,2017-05-08,2017-05-08 21:32:36,31548.0,B,经营收入,0,0,0.0,,
pdu4****86067,2018-09-01 22:53:20,126888733,兼职创业,10000.0,20.0,11000.0,19639.79,无,暂未提供,25,6784.96,女,16,95,5000-8000（含5000）,无,6,16784.96,76,无,2016-05-12,2016-05-12 11:10:17,50921.0,B,经营收入,19,0,19351.0,,
pdu3****14223,2018-09-03 20:49:03,127096593,生产经营,4045.0,20.0,9193.0,25714.43,无,私营业主,33,18496.37,女,18,101,8000-15000（含8000）,无,6,22541.37,101,无,2016-09-23,2016-09-29 10:49:48,89058.0,B,经营收入,0,0,0.0,,
pdu8****57303,2018-09-03 18:07:53,127082095,装修,4000.0,20.0,18000.0,31446.33,无,暂未提供,38,26539.69,女,9,44,15000及以上,无,6,30539.69,44,无,2016-03-10,2016-03-10 03:27:30,60200.0,B,投资收入,0,0,0.0,,
pdu2****34185,2018-09-03 15:01:42,127059545,日常消费,2801.0,20.0,9875.0,22682.36,无,私营业主,32,19198.14,男,7,40,8000-15000（含8000）,无,6,21999.14,38,无,2017-01-16,2017-01-16 16:30:18,45638.0,B,经营收入,2,0,0.0,,
pdu1****58068,2018-09-04 10:29:45,127138876,日常消费,900.0,20.0,2306.0,6452.85,无,暂未提供,22,5175.67,男,15,45,5000-8000（含5000）,无,6,6075.67,43,无,2017-06-11,2017-06-11 12:57:42,21712.0,B,薪资收入,2,0,7722.0,,
pdu2****07547,2018-09-04 07:08:06,127119170,日常消费,4000.0,20.0,5000.0,11483.69,无,暂未提供,24,10273.97,女,8,25,5000-8000（含5000）,无,6,14273.97,25,无,2017-09-23,2017-09-23 10:38:39,20236.0,B,薪资收入,0,0,7192.0,,
xw****84,2018-09-03 16:08:43,127068368,旅游,2720.0,20.0,14301.0,28828.99,无,暂未提供,35,25028.55,女,23,123,2000-5000（含2000）,无,6,27748.55,85,无,2015-01-04,2015-01-04 16:07:18,100793.0,B,薪资收入,37,1,0.0,,
pdu****7744,2018-09-03 19:13:15,127088470,兼职创业,4300.0,20.0,7000.0,21095.84,无,私营业主,28,15575.63,女,20,157,8000-15000（含8000）,无,6,19875.63,142,无,2015-07-08,2015-07-08 15:41:42,73040.0,B,经营收入,15,0,0.0,,
pdu8****37871,2018-09-04 09:23:21,127130254,日常消费,3352.0,20.0,15792.0,29706.95,无,私营业主,41,25727.72,女,15,63,8000-15000（含8000）,无,6,29079.72,60,无,2016-05-04,2016-05-04 14:12:13,79596.0,B,经营收入,3,0,0.0,,
pdu5****22153,2018-09-04 08:38:35,127125331,日常消费,7830.0,20.0,9100.0,11332.2,无,私营业主,22,1578.2,女,15,48,15000及以上,无,6,9408.2,38,无,2016-10-17,2016-10-17 13:25:17,39409.0,B,经营收入,10,0,0.0,,
pdu2****71366,2018-09-03 18:53:21,127086669,装修,6000.0,20.0,11000.0,17669.95,无,暂未提供,43,10521.16,男,10,53,5000-8000（含5000）,无,6,16521.16,50,无,2016-04-02,2016-04-02 17:34:00,45253.0,B,薪资收入,3,0,31354.0,,
pdu****1542,2018-09-03 18:43:58,127085833,兼职创业,4281.0,20.0,7900.0,13738.65,无,私营业主,35,8496.06,女,6,32,5000-8000（含5000）,无,6,12777.06,26,无,2015-03-16,2017-06-13 19:48:26,26054.0,B,个人存款,6,0,59500.0,,
ron****0442,2018-09-03 20:23:43,127094595,生产经营,7105.0,20.0,18000.0,26854.27,无,私营业主,29,16310.63,男,25,137,15000及以上,无,6,23415.63,124,无,2014-12-15,2014-12-15 22:42:48,178364.0,B,经营收入,13,0,43523.0,,
pdu0****77220,2018-09-04 00:57:38,127111285,日常消费,2125.0,20.0,7500.0,8420.02,无,私营业主,42,5905.38,男,12,50,15000及以上,无,6,8030.38,29,无,2016-12-16,2017-09-29 15:52:04,25253.0,B,薪资收入,21,0,25495.0,,
pdu****3016,2018-09-03 23:13:48,127106098,装修,9886.0,20.0,18501.0,21969.52,无,私营业主,35,13064.95,女,11,72,15000及以上,无,6,22950.95,69,无,2015-07-13,2015-07-13 11:22:21,76277.0,B,薪资收入,3,0,0.0,,
pdu1****67477,2018-09-04 09:38:48,127132247,日常消费,5000.0,20.0,8000.0,38270.12,无,暂未提供,28,31913.12,女,14,52,8000-15000（含8000）,无,6,36913.12,51,无,2017-03-30,2017-03-30 13:44:53,65816.0,B,薪资收入,1,0,0.0,,
pdu5****04365,2018-09-03 21:06:18,127097927,旅游,2871.0,20.0,10000.0,13068.58,无,暂未提供,27,9537.92,男,6,25,8000-15000（含8000）,无,6,12408.92,18,无,2017-05-30,2017-05-30 23:02:55,37353.0,B,薪资收入,7,0,49536.0,,
pdu****4243,2018-09-03 16:49:50,127073001,日常消费,6000.0,20.0,9000.0,24021.94,无,私营业主,25,18033.27,男,24,124,8000-15000（含8000）,无,6,24033.27,120,无,2015-08-20,2015-08-20 11:12:57,102098.0,B,薪资收入,4,0,0.0,,
d****s2,2018-09-03 09:01:39,127015828,日常消费,7760.0,20.0,35000.0,9423.39,无,暂未提供,40,7824.41,男,14,105,15000及以上,无,6,15584.41,96,无,2012-04-18,2012-04-18 13:00:50,90925.0,B,薪资收入,9,0,0.0,,
pdu6****74628,2018-09-03 20:11:25,127093591,日常消费,3596.0,20.0,16000.0,27229.56,无,私营业主,45,22719.44,男,9,42,15000及以上,无,6,26315.44,41,无,2016-07-22,2016-08-05 12:19:46,68600.0,B,经营收入,1,0,135132.0,,
pdu****5703,2018-09-03 15:28:45,127063137,日常消费,5043.0,20.0,9700.0,14921.34,无,私营业主,34,9350.68,男,11,55,8000-15000（含8000）,无,6,14393.68,46,无,2015-10-25,2015-10-25 20:43:05,55841.0,B,经营收入,9,0,0.0,,
ym****ao,2018-09-03 16:39:08,127071901,日常消费,6000.0,20.0,10000.0,23146.14,无,暂未提供,38,15440.8,男,11,80,5000-8000（含5000）,无,6,21440.8,70,无,2014-11-09,2014-11-09 21:40:18,62024.0,B,薪资收入,10,0,0.0,,
pdu6****37556,2018-09-04 09:03:22,127127892,医疗,2000.0,20.0,3000.0,10709.05,无,暂未提供,22,9397.0,男,13,41,2000-5000（含2000）,无,6,11397.0,35,无,2017-07-13,2018-01-15 23:59:55,17050.0,B,薪资收入,6,0,7953.0,,
pdu8****23738,2018-09-03 14:28:56,127054606,日常消费,5400.0,20.0,10000.0,11525.06,无,私营业主,38,10195.96,男,8,27,8000-15000（含8000）,无,6,15595.96,23,无,2016-10-21,2016-10-21 15:38:48,51963.0,B,薪资收入,4,0,0.0,,
pdu5****63800,2018-09-04 08:34:42,127124945,旅游,2930.0,20.0,14000.0,20123.89,无,暂未提供,30,16703.9,男,19,82,8000-15000（含8000）,无,6,19633.9,80,无,2016-04-25,2016-04-25 13:36:49,75780.0,B,薪资收入,2,0,6200.0,,
pdu3****51057,2018-09-04 12:53:26,127156720,日常消费,3000.0,20.0,7000.0,12741.19,无,私营业主,35,10867.45,男,9,48,5000-8000（含5000）,无,6,13867.45,33,无,2016-06-24,2016-07-27 10:58:42,33100.0,B,经营收入,15,0,0.0,,
pdu7****18826,2018-09-03 19:35:18,127090474,医疗,10000.0,20.0,7587.0,15032.95,无,私营业主,24,6654.72,女,12,77,2000-5000（含2000）,无,6,16654.72,50,无,2016-06-28,2016-06-29 13:36:07,37639.0,B,经营收入,27,0,641.0,,
pdu8****67580,2018-09-03 19:31:20,127090145,日常消费,7000.0,20.0,7000.0,20042.31,无,暂未提供,23,9252.15,男,21,139,5000-8000（含5000）,无,6,16252.15,130,无,2016-04-14,2016-04-15 11:32:30,69300.0,B,薪资收入,9,0,2367.0,,
pdu2****84412,2018-09-04 09:02:54,127127830,日常消费,11062.0,20.0,15000.0,16416.99,无,暂未提供,23,14485.11,女,8,39,5000-8000（含5000）,无,6,25547.11,39,无,2016-10-13,2016-10-13 11:10:14,54828.0,B,薪资收入,0,0,0.0,,
pdu4****53543,2018-09-03 07:54:05,127009744,装修,20700.0,20.0,9360.0,20419.57,无,暂未提供,33,0.0,女,10,65,5000-8000（含5000）,无,6,20700.0,49,无,2016-09-08,2016-09-09 01:37:46,51360.0,B,薪资收入,16,0,0.0,,
pdu5****62477,2018-09-04 11:27:46,127146432,医疗,5000.0,20.0,7000.0,7996.32,无,私营业主,22,5620.02,女,8,34,2000-5000（含2000）,无,6,10620.02,30,无,2016-06-03,2017-03-10 11:30:11,20800.0,B,薪资收入,4,0,2798.0,,
HYJ****5000,2018-09-03 14:44:00,127056940,日常消费,13128.0,20.0,10185.0,11704.56,无,私营业主,53,4897.98,男,7,45,15000及以上,无,6,18025.98,37,无,2014-02-07,2014-02-07 16:53:10,50207.0,B,经营收入,8,0,0.0,,
pdu4****83133,2018-09-04 13:18:03,127159700,日常消费,1100.0,20.0,10000.0,13162.98,无,暂未提供,32,11848.83,男,9,29,5000-8000（含5000）,无,6,12948.83,29,无,2017-09-22,2017-09-22 22:02:40,33032.0,B,薪资收入,0,0,0.0,,
pdu****7304,2018-09-04 13:19:02,127159803,日常消费,960.0,20.0,12111.0,28503.33,无,暂未提供,43,26732.82,男,22,132,5000-8000（含5000）,无,6,27692.82,128,无,2015-09-20,2015-09-20 21:56:53,78721.0,B,薪资收入,4,0,3000.0,,
pdu5****82142,2018-09-04 13:23:14,127160291,日常消费,3085.0,20.0,10000.0,12589.46,网络教育,暂未提供,23,9339.62,女,16,63,2000-5000（含2000）,专科,6,12424.62,58,东北大学,2017-09-08,2017-09-09 14:01:44,45904.0,B,薪资收入,5,0,0.0,,
pdu3****80570,2018-09-04 13:25:48,127160567,日常消费,10622.0,20.0,16723.0,22334.8,成人,暂未提供,27,12179.39,女,22,125,2000-5000（含2000）,专科,6,22801.39,120,中央广播电视大学,2016-05-22,2016-05-22 20:08:54,96384.0,B,薪资收入,5,0,1421.0,,
pdu0****58523,2018-09-04 13:31:40,127161223,旅游,1000.0,20.0,5400.0,19909.82,无,暂未提供,26,17800.86,男,19,103,8000-15000（含8000）,无,6,18800.86,103,无,2016-12-07,2016-12-07 13:48:20,59685.0,B,经营收入,0,0,0.0,,
pdu****2406,2018-09-04 13:47:13,127163072,日常消费,2616.0,20.0,9900.0,14968.51,无,私营业主,29,12189.07,男,14,42,15000及以上,无,6,14805.07,38,无,2015-08-26,2016-11-25 12:19:35,55279.0,B,经营收入,4,0,0.0,,
pdu6****38312,2018-09-04 13:59:38,127164577,医疗,3500.0,20.0,16000.0,18869.94,无,暂未提供,33,14785.5,女,7,20,15000及以上,无,6,18285.5,17,无,2016-01-27,2016-05-26 11:03:44,49500.0,B,经营收入,3,0,0.0,,
pdu3****80368,2018-09-04 14:25:30,127167846,日常消费,1854.0,20.0,4163.0,14064.22,普通,暂未提供,25,11937.42,女,24,151,2000以下,本科,6,13791.42,149,河南科技大学,2017-04-03,2017-04-09 10:26:59,50592.0,B,个人存款,2,0,598.0,,
pdu0****03772,2018-09-04 14:42:53,127169970,医疗,4000.0,20.0,4919.0,8948.14,无,暂未提供,31,6613.89,女,9,30,5000-8000（含5000）,无,6,10613.89,29,无,2017-07-25,2017-10-28 09:07:15,17039.0,B,薪资收入,1,0,4036.0,,
pdu3****31734,2018-09-04 14:54:01,127171391,日常消费,8235.0,20.0,30000.0,35945.28,自考,暂未提供,29,17704.34,女,11,63,2000-5000（含2000）,本科,6,25939.34,63,贵州师范大学,2015-12-01,2015-12-01 23:16:13,73971.0,B,薪资收入,0,0,58534.0,,
pdu5****65855,2018-09-04 14:24:07,127167674,日常消费,1000.0,20.0,4005.0,9424.3,无,暂未提供,22,8010.28,男,11,44,2000以下,无,6,9010.28,44,无,2017-04-21,2017-08-06 09:59:17,25380.0,B,个人存款,0,0,35721.0,,
pdu1****42747,2018-09-04 14:45:43,127170345,装修,14900.0,20.0,10600.0,21891.26,无,私营业主,41,0.0,男,19,131,5000-8000（含5000）,无,6,14900.0,130,无,2016-01-08,2016-01-08 05:34:28,76062.0,B,经营收入,1,0,0.0,,
pdu0****24003,2018-09-04 15:26:33,127175326,日常消费,3500.0,20.0,11000.0,18874.37,普通,暂未提供,27,15370.93,女,7,24,2000-5000（含2000）,专科,6,18870.93,24,江阴职业技术学院,2017-05-06,2017-05-06 15:52:35,35619.0,B,薪资收入,0,0,0.0,,
pdu4****71387,2018-09-04 15:30:20,127175776,日常消费,2808.0,20.0,9500.0,13732.98,普通,暂未提供,33,11650.62,男,6,22,5000-8000（含5000）,本科,6,14458.62,22,西安财经学院,2017-11-28,2017-11-29 15:07:55,29712.0,B,薪资收入,0,0,0.0,,
pdu8****74177,2018-09-04 15:39:09,127176770,医疗,2000.0,20.0,2000.0,10183.62,普通,暂未提供,27,10183.62,男,6,4,2000-5000（含2000）,本科,6,12183.62,4,中国矿业大学银川学院,2017-05-08,2017-05-08 15:46:34,11500.0,B,薪资收入,0,0,0.0,,
pdu4****44153,2018-09-04 15:40:54,127176987,生产经营,3000.0,20.0,4000.0,9319.94,无,私营业主,33,5571.08,女,13,63,5000-8000（含5000）,无,6,8571.08,63,无,2016-12-11,2017-06-01 09:45:26,25370.0,B,个人存款,0,0,1930.0,,
pdu6****11438,2018-09-04 15:51:26,127178202,日常消费,2000.0,20.0,7000.0,8554.26,无,暂未提供,22,6728.25,女,22,46,2000-5000（含2000）,无,6,8728.25,45,无,2017-01-06,2017-01-06 19:58:02,32298.0,B,薪资收入,1,0,8588.0,,
zhua****in520,2018-09-04 15:12:25,127173594,装修,13119.0,20.0,11542.0,23799.09,无,私营业主,34,8904.9,男,9,53,15000及以上,无,6,22023.9,53,无,2015-08-26,2015-08-26 16:26:25,69821.0,B,个人存款,0,0,0.0,,
pdu0****51741,2018-09-04 15:50:57,127178149,医疗,675.0,20.0,2500.0,4692.75,无,暂未提供,21,3672.57,女,6,24,2000以下,无,6,4347.57,23,无,2018-01-17,2018-01-17 20:42:09,6100.0,B,个人存款,1,0,596.0,,
pdu0****84237,2018-09-04 15:53:21,127178406,日常消费,542.0,20.0,1500.0,3574.06,无,私营业主,21,3255.52,女,14,66,2000-5000（含2000）,无,6,3797.52,64,无,2016-04-26,2017-07-13 19:20:56,11070.0,B,薪资收入,2,0,8347.0,,
pdu0****07634,2018-09-04 15:55:50,127178702,日常消费,1300.0,20.0,6300.0,7159.23,无,暂未提供,27,5512.29,女,6,30,2000-5000（含2000）,无,6,6812.29,27,无,2017-03-26,2017-03-29 18:43:00,13392.0,B,薪资收入,3,0,0.0,,
pdu2****64626,2018-09-04 15:58:45,127179041,医疗,10056.0,20.0,9644.0,13410.8,成人,暂未提供,26,976.36,男,17,39,2000-5000（含2000）,专科,6,11032.36,39,山西煤炭职工联合大学,2017-10-29,2017-10-30 06:31:50,42461.0,B,薪资收入,0,0,0.0,,
pdu2****41413,2018-09-04 16:16:54,127181014,日常消费,1400.0,20.0,10000.0,11351.04,普通,暂未提供,30,9259.9,女,10,57,5000-8000（含5000）,专科,6,10659.9,52,湖南铁道职业技术学院,2017-06-18,2017-06-18 15:00:22,32467.0,B,个人存款,5,0,18420.0,,
pdu5****32733,2018-09-04 14:52:19,127171185,日常消费,1235.0,20.0,2885.0,4945.86,无,暂未提供,21,3488.87,女,20,87,2000-5000（含2000）,无,6,4723.87,82,无,2016-12-07,2016-12-07 17:22:52,24357.0,B,个人存款,5,0,0.0,,
pdu0****75527,2018-09-04 15:54:52,127178597,日常消费,634.0,20.0,3500.0,11094.11,无,暂未提供,22,10303.57,女,13,55,5000-8000（含5000）,无,6,10937.57,54,无,2017-12-12,2017-12-12 10:12:07,20217.0,B,薪资收入,1,0,0.0,,
pdu1****33228,2018-09-04 16:29:24,127182443,日常消费,2700.0,20.0,6000.0,12461.72,普通,暂未提供,23,3094.19,女,9,43,2000-5000（含2000）,专科,6,5794.190000000001,30,雅安职业技术学院,2017-03-26,2017-07-09 20:01:42,19800.0,B,薪资收入,13,0,0.0,,
pdu3****85720,2018-09-04 16:41:41,127183775,日常消费,1749.0,20.0,2000.0,7062.63,无,暂未提供,19,5083.34,女,19,73,2000-5000（含2000）,无,6,6832.34,73,无,2017-10-10,2017-10-11 14:59:29,19591.0,B,个人存款,0,0,0.0,,
pdu7****87450,2018-09-04 16:42:57,127183931,生产经营,1381.0,20.0,11000.0,13620.43,普通,暂未提供,28,9112.2,男,11,45,5000-8000（含5000）,本科,6,10493.2,29,南昌工程学院,2016-11-15,2016-11-15 18:07:22,51960.0,B,薪资收入,16,0,6879.0,,
pdu7****54437,2018-09-04 16:31:28,127182668,日常消费,1499.0,20.0,4465.0,14977.77,无,暂未提供,22,13138.01,女,14,69,2000-5000（含2000）,无,6,14637.01,69,无,2017-06-11,2017-06-11 16:25:04,31797.0,B,薪资收入,0,0,0.0,,
pdu1****84232,2018-09-04 16:04:02,127179584,生产经营,5000.0,20.0,6564.0,11802.25,无,私营业主,32,6103.26,女,16,85,15000及以上,无,6,11103.26,75,无,2016-10-13,2016-10-23 17:25:31,41096.0,B,经营收入,10,0,0.0,,
pdu0****86263,2018-09-04 16:51:55,127184903,日常消费,2257.0,20.0,9500.0,12917.1,普通,暂未提供,24,8586.28,女,7,25,2000-5000（含2000）,本科,6,10843.28,17,大连艺术学院,2018-01-07,2018-01-07 21:10:51,14422.0,B,薪资收入,8,0,20114.0,,
pdu4****17034,2018-09-04 16:59:27,127185750,旅游,2000.0,20.0,6000.0,12915.15,成人,暂未提供,22,10189.89,女,8,28,2000-5000（含2000）,专科,6,12189.89,25,长沙学院,2017-05-19,2017-05-19 19:20:16,19879.0,B,薪资收入,3,0,0.0,,
pdu2****32230,2018-09-04 17:08:26,127186719,日常消费,22040.0,20.0,21900.0,24290.04,研究生,暂未提供,36,0.0,男,7,26,8000-15000（含8000）,硕士研究生,6,22040.0,26,贵州大学,2017-08-08,2017-08-14 11:07:43,71542.0,B,薪资收入,0,0,223593.0,,
pdu1****00217,2018-09-04 17:14:09,127187362,日常消费,2497.0,20.0,8000.0,18487.07,成人,暂未提供,25,15021.61,男,16,97,8000-15000（含8000）,专科,6,17518.61,92,浙江工业大学,2016-11-13,2016-11-23 17:34:47,57066.0,B,薪资收入,5,0,0.0,,
pdu0****22403,2018-09-04 17:15:51,127187571,旅游,2153.0,20.0,8000.0,11985.28,无,暂未提供,33,9449.27,女,12,40,2000-5000（含2000）,无,6,11602.27,39,无,2017-11-07,2017-11-07 12:17:37,27458.0,B,个人存款,1,0,0.0,,
pdu3****54002,2018-09-05 10:08:24,127245798,日常消费,2300.0,20.0,5000.0,15533.91,无,暂未提供,29,12698.28,男,24,105,5000-8000（含5000）,无,6,14998.28,104,无,2016-12-21,2016-12-25 07:31:19,59394.0,B,薪资收入,1,0,7000.0,,
pdu3****63227,2018-09-05 10:19:39,127247303,兼职创业,1300.0,20.0,9000.0,12171.17,无,私营业主,29,11490.6,女,12,47,8000-15000（含8000）,无,6,12790.6,47,无,2017-09-02,2017-09-02 17:56:38,34460.0,B,经营收入,0,0,0.0,,
pdu****7874,2018-09-04 15:06:44,127172878,日常消费,3000.0,20.0,20000.0,40792.85,无,暂未提供,39,4078.28,男,11,91,5000-8000（含5000）,无,6,7078.2800000000025,74,无,2015-10-15,2015-10-15 10:40:29,62682.0,B,薪资收入,17,0,2807.0,pdu6****874第12次借款,
pdu1****22521,2018-09-05 10:24:44,127247988,旅游,10000.0,20.0,17000.0,26843.82,无,暂未提供,43,20896.76,女,6,41,5000-8000（含5000）,无,6,30896.76,41,无,2016-07-24,2016-10-24 17:48:53,49941.0,B,薪资收入,0,0,559.0,手机app用户的借款,
pdu6****23700,2018-09-05 10:49:42,127251140,装修,3000.0,20.0,10000.0,31904.07,无,暂未提供,27,27514.93,女,16,93,8000-15000（含8000）,无,6,30514.93,93,无,2016-12-03,2016-12-03 14:48:38,48400.0,B,薪资收入,0,0,0.0,手机app用户的第17次闪电借款,
pdu8****27021,2018-09-05 10:57:35,127252192,日常消费,3000.0,20.0,3000.0,3923.5,普通,暂未提供,25,3402.15,女,7,34,2000-5000（含2000）,专科,6,6402.15,33,成都航空职业技术学院,2017-02-03,2017-04-06 22:40:10,8200.0,B,薪资收入,1,0,0.0,手机app用户的第8次闪电借款,
pdu5****82864,2018-09-05 10:36:06,127249477,日常消费,768.0,20.0,2904.0,5219.9,无,暂未提供,20,4509.92,女,17,91,2000以下,无,6,5277.92,91,无,2017-09-24,2017-09-24 10:03:03,16788.0,B,个人存款,0,0,12244.0,手机app用户的第18次闪电借款,
pdu5****77628,2018-09-05 11:02:13,127252837,医疗,4000.0,20.0,4000.0,15954.14,普通,私营业主,24,10277.16,男,27,121,5000-8000（含5000）,专科,6,14277.16,120,重庆电信职业学院,2017-01-24,2017-01-24 19:35:55,56450.0,B,经营收入,1,0,0.0,手机app用户的第28次闪电借款,
pdu****4662,2018-09-05 11:01:24,127252729,日常消费,4000.0,20.0,24000.0,27437.9,成人,暂未提供,29,22267.6,女,22,58,5000-8000（含5000）,专升本,6,26267.6,57,桂林医学院,2015-09-17,2016-04-01 18:15:46,188898.0,B,薪资收入,1,0,0.0,pdu4****662第23次借款,
pdu2****25712,2018-09-05 11:05:47,127253314,医疗,800.0,20.0,13053.0,20912.6,无,暂未提供,33,18886.97,男,23,148,5000-8000（含5000）,无,6,19686.97,126,无,2015-12-26,2015-12-26 21:10:44,45627.0,B,薪资收入,22,0,0.0,手机app用户的第24次闪电借款,
pdu3****77042,2018-09-05 07:44:36,127231235,旅游,10140.0,24.0,7000.0,21566.13,无,暂未提供,22,16658.0,女,13,102,15000及以上,无,12,26798.0,100,无,2016-09-25,2016-09-25 13:03:19,53829.0,C,经营收入,2,0,0.0,pdu3****77042第14次借款,
pdu1****54102,2018-09-05 11:07:23,127253509,日常消费,3500.0,10.5,2000.0,2359.74,无,暂未提供,26,0.0,女,1,1,5000-8000（含5000）,无,6,3500.0,1,无,2018-06-30,2018-06-30 12:30:43,2000.0,AA,薪资收入,0,0,0.0,手机app用户的第2次闪电借款,
pdu6****04151,2018-09-05 11:07:24,127253515,日常消费,2945.0,20.0,6300.0,8566.5,无,暂未提供,31,4795.0,男,1,5,8000-15000（含8000）,无,6,7740.0,5,无,2018-03-09,2018-04-04 16:12:40,6300.0,B,经营收入,0,0,0.0,手机app用户的第2次闪电借款,
pdu5****87600,2018-09-05 11:07:26,127253520,旅游,11000.0,24.0,10000.0,19180.81,无,暂未提供,23,5417.27,男,11,37,2000-5000（含2000）,无,12,16417.27,37,无,2017-09-21,2017-11-02 20:59:35,39700.0,C,薪资收入,0,0,3166.0,手机app用户的第10次闪电借款,
pdu3****43540,2018-09-05 09:06:18,127238165,旅游,10000.0,24.0,20000.0,24110.9,无,暂未提供,30,20092.42,女,3,17,2000-5000（含2000）,无,12,30092.42,17,无,2017-04-28,2017-04-28 21:07:40,26200.0,C,薪资收入,0,0,13242.0,手机app用户的借款,
pdu5****34856,2018-09-05 09:13:27,127238939,生产经营,5000.0,20.0,10000.0,17636.54,无,私营业主,47,15611.58,男,10,66,8000-15000（含8000）,无,12,20611.58,66,无,2016-05-31,2016-06-10 22:00:54,44730.0,B,经营收入,0,0,0.0,手机app用户的借款,
pdu3****28185,2018-09-05 11:07:33,127253533,旅游,3000.0,10.5,10000.0,18700.01,普通,暂未提供,29,14425.48,女,14,54,5000-8000（含5000）,专科,6,17425.48,54,中国民用航空飞行学院,2017-03-30,2017-03-30 11:16:05,62900.0,AA,经营收入,0,0,10369.0,手机app用户的第14次闪电借款,
pdu****8801,2018-09-05 11:07:33,127253534,日常消费,1823.0,10.5,3000.0,8420.95,无,私营业主,45,6304.32,女,16,84,5000-8000（含5000）,无,6,8127.32,83,无,2015-10-27,2017-04-27 22:03:33,27069.0,AA,个人存款,1,0,0.0,手机app用户的借款,
pdu2****58486,2018-09-05 08:56:37,127237151,日常消费,1689.0,20.0,3000.0,10318.84,无,暂未提供,22,9890.84,女,17,77,2000-5000（含2000）,无,12,11579.84,73,无,2016-11-14,2017-05-07 14:39:19,20782.0,B,薪资收入,4,0,0.0,手机app用户的第18次闪电借款,
pdu5****54517,2018-09-05 10:44:17,127250464,装修,15000.0,24.0,10000.0,15300.25,无,私营业主,44,10589.74,男,6,55,15000及以上,无,6,25589.74,51,无,2016-07-11,2016-07-11 12:07:31,35572.0,C,经营收入,4,0,0.0,pdu5****54517第7次借款,
pdu0****21361,2018-09-05 11:07:33,127253535,日常消费,8397.0,20.0,9500.0,11145.16,无,私营业主,25,3893.93,男,9,37,8000-15000（含8000）,无,6,12290.93,37,无,2017-06-07,2017-09-21 00:32:21,30217.0,B,薪资收入,0,0,0.0,pdu0****21361第10次借款,
pdu0****54613,2018-09-05 10:56:05,127252002,医疗,16000.0,24.0,12742.0,20717.89,无,暂未提供,46,6551.58,女,5,44,5000-8000（含5000）,无,12,22551.58,38,无,2016-09-20,2016-10-01 14:30:30,40495.0,C,经营收入,6,0,0.0,pdu0****54613第6次借款,
pdu2****17706,2018-09-05 11:07:35,127253539,装修,3000.0,20.0,2500.0,3399.1,无,暂未提供,22,1863.54,男,2,8,2000-5000（含2000）,无,12,4863.54,8,无,2017-04-07,2018-01-02 10:41:41,3200.0,B,薪资收入,0,0,15540.0,手机app用户的借款,
pdu8****45262,2018-09-05 09:23:44,127240144,装修,3058.0,20.0,13381.0,15848.88,无,私营业主,43,12256.22,女,5,22,8000-15000（含8000）,无,6,15314.22,18,无,2015-11-19,2017-09-05 16:08:22,43782.0,B,经营收入,4,0,0.0,手机app用户的第6次闪电借款,
pdu5****06024,2018-09-05 10:56:25,127252050,日常消费,3000.0,20.0,10215.0,19811.65,无,暂未提供,52,13874.03,女,19,106,2000-5000（含2000）,无,6,16874.03,100,无,2016-06-16,2016-08-10 15:58:06,71415.0,B,经营收入,6,0,0.0,手机app用户的第20次闪电借款,
pdu6****66768,2018-09-05 11:08:06,127253618,装修,1332.0,20.0,6516.0,12507.66,无,私营业主,33,10485.81,男,9,45,5000-8000（含5000）,无,6,11817.81,44,无,2017-02-23,2017-02-23 12:26:21,23976.0,B,经营收入,1,0,34803.0,手机app用户的第10次闪电借款,
pdu3****62230,2018-09-05 11:03:54,127253061,日常消费,4000.0,20.0,10600.0,12469.98,无,私营业主,35,2922.87,男,7,23,15000及以上,无,6,6922.87,17,无,2017-10-11,2017-10-11 09:58:04,42653.0,B,薪资收入,6,0,186.0,手机app用户的第8次闪电借款,
pdu2****36512,2018-09-05 11:11:55,127254120,日常消费,8000.0,10.5,7523.0,12664.44,无,私营业主,29,2948.87,男,5,39,5000-8000（含5000）,无,6,10948.87,39,无,2017-01-18,2017-01-18 13:54:02,24664.0,AA,薪资收入,0,0,0.0,pdu2****36512第6次借款,
pdu5****54726,2018-09-05 11:14:36,127254448,日常消费,20800.0,10.5,7700.0,8903.73,成人,暂未提供,33,0.0,女,3,12,5000-8000（含5000）,专科,6,20800.0,10,山东轻工业学院,2016-11-24,2016-11-26 09:19:08,15000.0,AA,薪资收入,2,0,77743.0,pdu5****54726第4次借款,
pdu4****23844,2018-09-05 11:14:34,127254442,日常消费,6631.0,10.5,4955.0,12377.26,无,暂未提供,47,8613.36,男,9,51,5000-8000（含5000）,无,6,15244.36,48,无,2016-07-22,2016-07-22 15:40:06,27693.0,AA,薪资收入,3,0,0.0,pdu4****23844第10次借款,
pdu1****31020,2018-09-05 11:14:14,127254402,兼职创业,2283.0,10.5,3568.0,5369.13,无,私营业主,24,2357.35,女,2,16,8000-15000（含8000）,无,6,4640.35,14,无,2017-07-17,2017-07-24 13:12:39,6368.0,AA,经营收入,2,0,0.0,手机app用户的借款,
pdu6****56104,2018-09-05 11:13:10,127254279,旅游,3000.0,20.0,4466.0,8271.79,无,暂未提供,24,2179.93,女,11,63,5000-8000（含5000）,无,6,5179.93,61,无,2017-04-18,2017-04-18 17:31:53,19503.0,B,薪资收入,2,0,0.0,手机app用户的第12次闪电借款,
pdu2****61606,2018-09-05 11:14:17,127254408,装修,2500.0,10.5,6440.0,12994.23,无,私营业主,43,8412.73,男,22,90,15000及以上,无,6,10912.73,78,无,2015-12-28,2015-12-28 13:50:21,47884.0,AA,薪资收入,12,0,0.0,pdu2****61606第18次借款,
pdu0****25785,2018-09-05 11:12:16,127254168,日常消费,5000.0,24.0,6510.0,24287.53,无,暂未提供,34,11078.48,女,10,79,5000-8000（含5000）,无,6,16078.48,76,无,2016-10-17,2016-11-07 09:47:25,43455.0,C,薪资收入,3,0,0.0,pdu0****25785第11次借款,
pdu3****16734,2018-09-05 11:13:17,127254296,装修,2000.0,10.5,5000.0,5866.95,普通,暂未提供,33,2474.61,男,3,15,5000-8000（含5000）,专科,6,4474.6100000000015,15,柳州职业技术学院,2016-10-15,2017-10-19 13:57:40,14000.0,AA,薪资收入,0,0,37101.0,手机app用户的借款,
pdu7****42131,2018-09-05 11:12:29,127254198,日常消费,2000.0,10.5,5000.0,7056.72,无,暂未提供,32,3966.48,女,11,45,2000-5000（含2000）,无,6,5966.48,45,无,2017-03-03,2017-03-03 16:51:23,12700.0,AA,薪资收入,0,0,0.0,pdu7****42131第6次借款,
pdu3****53311,2018-09-05 11:14:40,127254456,装修,11520.0,10.5,11500.0,13389.42,普通全日制,私营业主,33,0.0,男,1,6,15000及以上,专科,6,11520.0,6,钟山职业技术学院,2018-02-02,2018-02-02 16:44:20,11500.0,AA,经营收入,0,0,74816.0,手机app用户的借款,
pdu6****41840,2018-09-05 11:12:30,127254200,日常消费,2500.0,10.5,22000.0,26687.43,无,暂未提供,42,21840.27,男,10,60,8000-15000（含8000）,无,6,24340.27,60,无,2016-05-19,2016-05-19 12:38:56,69113.0,AA,经营收入,0,0,1254.0,pdu6****41840第11次借款,
pdu3****41444,2018-09-05 11:14:42,127254460,旅游,1032.0,10.5,11500.0,13116.0,开放教育,暂未提供,36,11452.03,女,4,13,2000-5000（含2000）,专科,6,12484.03,13,国家开放大学,2017-09-30,2017-11-09 16:09:06,20500.0,AA,薪资收入,0,0,21133.0,手机app用户的借款,
pdu1****26585,2018-09-05 11:14:43,127254461,日常消费,3996.0,10.5,6500.0,7649.88,无,私营业主,39,3940.12,男,4,20,8000-15000（含8000）,无,6,7936.12,18,无,2017-08-30,2017-08-30 10:34:04,18208.0,AA,薪资收入,2,0,210655.0,pdu1****26585第5次借款,
pdu4****28152,2018-09-05 11:12:33,127254209,日常消费,6462.0,10.5,7956.0,17593.11,无,私营业主,34,9695.54,女,11,65,8000-15000（含8000）,无,6,16157.54,57,无,2017-02-07,2017-02-07 18:55:23,41533.0,AA,薪资收入,8,0,0.0,pdu4****28152第12次借款,
pdu8****04164,2018-09-05 11:12:34,127254211,旅游,3214.0,10.5,4293.0,8504.24,无,暂未提供,43,4809.71,女,10,75,2000-5000（含2000）,无,6,8023.71,75,无,2017-02-21,2017-02-21 13:46:27,23930.0,AA,薪资收入,0,0,68283.0,手机app用户的借款,
pdu0****41575,2018-09-05 11:14:50,127254478,旅游,5800.0,10.5,10819.0,24210.34,无,暂未提供,37,17511.21,男,10,72,8000-15000（含8000）,无,6,23311.21,59,无,2016-11-24,2016-11-24 19:59:27,53486.0,AA,个人存款,13,0,6911.0,pdu0****41575第11次借款,
pdu6****78063,2018-09-05 11:13:45,127254355,日常消费,1772.0,10.5,6000.0,6851.22,无,私营业主,23,4334.92,女,5,18,5000-8000（含5000）,无,6,6106.92,16,无,2017-10-17,2017-10-17 17:32:00,15319.0,AA,经营收入,2,0,30896.0,手机app用户的借款,
pdu8****00624,2018-09-05 11:12:43,127254234,医疗,3000.0,10.5,3000.0,9795.96,无,私营业主,30,3604.25,男,12,72,5000-8000（含5000）,无,6,6604.25,71,无,2016-12-30,2016-12-30 12:25:11,20479.0,AA,薪资收入,1,0,3000.0,pdu8****00624第13次借款,
pdu2****21366,2018-09-05 11:12:48,127254239,日常消费,750.0,10.5,750.0,842.52,无,暂未提供,23,0.0,男,3,8,2000-5000（含2000）,无,6,750.0,7,无,2017-04-10,2017-04-11 07:40:13,2250.0,AA,个人存款,1,0,6615.0,手机app用户的第4次闪电借款,
pdu0****34720,2018-09-05 11:12:49,127254240,装修,3000.0,10.5,5398.0,11912.49,无,暂未提供,28,3487.59,男,8,42,8000-15000（含8000）,无,6,6487.59,33,无,2016-10-05,2017-02-15 07:41:22,23899.0,AA,薪资收入,9,0,42814.0,pdu0****34720第9次借款,
pdu3****67603,2018-09-05 11:13:52,127254369,日常消费,1000.0,10.5,3000.0,6944.31,普通,暂未提供,21,5059.39,男,14,65,5000-8000（含5000）,专科,6,6059.39,65,山西职业技术学院,2017-08-22,2017-08-22 15:19:57,18515.0,AA,薪资收入,0,0,14600.0,pdu3****67603第15次借款,
pdu8****84313,2018-09-05 11:12:53,127254246,日常消费,1079.0,10.5,1100.0,2267.65,无,暂未提供,34,1070.25,男,3,9,5000-8000（含5000）,无,6,2149.25,9,无,2018-01-22,2018-01-24 14:10:29,3100.0,AA,薪资收入,0,0,0.0,手机app用户的第4次闪电借款,
pdu0****30704,2018-09-05 11:12:54,127254248,日常消费,2000.0,10.5,9500.0,11268.72,无,暂未提供,26,8158.9,女,10,40,8000-15000（含8000）,无,6,10158.9,38,无,2017-06-26,2017-06-28 07:16:59,25557.0,AA,薪资收入,2,0,0.0,手机app用户的第11次闪电借款,
pdu3****73508,2018-09-05 11:12:55,127254249,日常消费,1800.0,10.5,1498.0,3775.19,无,暂未提供,24,1294.76,男,5,31,5000-8000（含5000）,无,6,3094.76,30,无,2015-11-24,2017-01-12 10:24:23,4648.0,AA,薪资收入,1,0,1384.0,手机app用户的借款,
pdu7****36460,2018-09-05 11:14:09,127254396,医疗,2340.0,10.5,4000.0,4744.68,无,暂未提供,29,1924.78,男,3,20,5000-8000（含5000）,无,6,4264.78,20,无,2017-02-03,2017-07-22 22:11:03,8816.0,AA,薪资收入,0,0,5740.0,手机app用户的第4次闪电借款,
pdu7****24465,2018-09-05 11:13:08,127254269,装修,11000.0,24.0,11000.0,12571.92,无,私营业主,27,1117.32,女,2,10,15000及以上,无,6,12117.32,10,无,2017-11-02,2017-11-25 18:24:27,14000.0,C,经营收入,0,0,0.0,手机app用户的第3次闪电借款,
pdu1****40646,2018-09-05 11:24:35,127255731,装修,1912.0,20.0,11500.0,15637.5,普通,私营业主,28,11389.48,女,4,11,8000-15000（含8000）,专科,6,13301.48,11,武汉信息传播职业技术学院,2018-03-21,2018-03-21 20:31:43,15700.0,B,经营收入,0,0,0.0,手机app用户的第5次闪电借款,
pdu7****40072,2018-09-05 11:24:52,127255772,生产经营,10666.0,20.0,10000.0,11051.37,无,私营业主,32,1775.23,男,2,11,5000-8000（含5000）,无,6,12441.23,11,无,2017-04-01,2017-10-12 11:03:58,20000.0,B,经营收入,0,0,0.0,手机app用户的第3次闪电借款,
pdu0****37610,2018-09-05 11:27:50,127256160,日常消费,2778.0,20.0,12000.0,18635.34,无,暂未提供,26,14582.05,女,8,40,5000-8000（含5000）,无,6,17360.05,40,无,2017-07-15,2017-07-16 10:59:44,43321.0,B,薪资收入,0,0,0.0,手机app用户的第9次闪电借款,
pdu7****20736,2018-09-05 11:30:06,127256469,日常消费,5671.0,20.0,5200.0,8661.3,无,暂未提供,22,2157.77,男,8,33,5000-8000（含5000）,无,6,7828.77,33,无,2017-06-08,2017-06-08 13:12:18,14674.0,B,薪资收入,0,0,0.0,pdu7****20736第9次借款,
pdu8****33733,2018-09-05 11:35:17,127257115,日常消费,3230.0,20.0,8500.0,10459.8,无,工薪族,29,6973.2,女,1,4,5000-8000（含5000）,无,6,10203.2,4,无,2018-04-09,2018-04-09 14:27:29,8500.0,B,薪资收入,0,0,43454.0,手机app用户的借款,
pdu6****46334,2018-09-05 11:36:30,127257270,日常消费,2000.0,20.0,5300.0,9584.95,无,暂未提供,32,3856.9,男,11,45,5000-8000（含5000）,无,6,5856.9,45,无,2017-07-06,2017-07-08 10:58:14,21500.0,B,薪资收入,0,0,0.0,手机app用户的第12次闪电借款,
pdu4****91221,2018-09-05 11:37:45,127257420,日常消费,2000.0,20.0,5142.0,9667.9,无,暂未提供,25,9667.9,女,3,11,2000-5000（含2000）,无,6,11667.9,11,无,2018-08-23,2018-08-23 14:51:53,12142.0,B,薪资收入,0,0,13171.0,手机app用户的第4次闪电借款,
pdu1****02262,2018-09-05 11:41:24,127257907,装修,9296.0,20.0,15200.0,19124.15,网络教育,暂未提供,34,8263.74,女,5,39,5000-8000（含5000）,本科,6,17559.739999999998,36,中南大学,2017-04-20,2017-04-27 12:54:13,30798.0,B,个人存款,3,0,132125.0,手机app用户的第6次闪电借款,
pdu8****71780,2018-09-05 11:40:51,127257818,旅游,4700.0,20.0,11000.0,12571.92,成人,暂未提供,27,8205.22,女,3,11,15000及以上,专科,6,12905.22,8,大连交通大学,2017-11-15,2017-11-25 12:23:55,27000.0,B,薪资收入,3,0,0.0,手机app用户的第4次闪电借款,
pdu1****57103,2018-09-05 11:39:37,127257642,日常消费,1000.0,20.0,9000.0,12236.16,无,暂未提供,31,7827.44,男,1,4,5000-8000（含5000）,无,6,8827.439999999999,4,无,2017-01-12,2018-04-11 18:12:11,9000.0,B,个人存款,0,0,0.0,手机app用户的第2次闪电借款,
K****2,2018-09-05 11:41:30,127257925,日常消费,2654.0,20.0,15000.0,17668.09,无,暂未提供,39,14469.02,女,9,35,5000-8000（含5000）,无,6,17123.02,35,无,2015-01-05,2017-11-17 11:41:10,33952.0,B,薪资收入,0,0,0.0,手机app用户的第10次闪电借款,
pdu4****47724,2018-09-05 11:50:02,127258945,日常消费,1800.0,20.0,8200.0,13144.93,无,暂未提供,32,12919.67,女,7,21,2000-5000（含2000）,无,6,14719.67,21,无,2017-02-15,2017-05-08 13:06:04,31500.0,B,薪资收入,0,0,0.0,pdu4****47724第8次借款,
pdu3****32322,2018-09-05 11:43:13,127258128,日常消费,1500.0,20.0,10000.0,13369.65,无,暂未提供,23,11954.31,女,7,48,2000-5000（含2000）,无,6,13454.31,45,无,2017-01-13,2017-01-13 16:00:14,27168.0,B,薪资收入,3,0,0.0,手机app用户的第8次闪电借款,
pdu****8657,2018-09-05 11:56:15,127259654,日常消费,1400.0,20.0,7500.0,10494.59,无,暂未提供,32,8547.7,男,4,13,8000-15000（含8000）,无,6,9947.7,13,无,2015-10-15,2017-11-23 14:51:56,19088.0,B,薪资收入,0,0,0.0,pdu8****657第5次借款,
pdu1****76182,2018-09-05 11:55:01,127259530,生产经营,7000.0,20.0,10000.0,15284.57,无,暂未提供,25,5981.31,女,3,18,5000-8000（含5000）,无,6,12981.31,18,无,2018-01-09,2018-01-10 08:58:18,14912.0,B,薪资收入,0,0,6327.0,手机app用户的第4次闪电借款,
pdu1****83027,2018-09-05 11:59:33,127260044,日常消费,700.0,20.0,1174.0,5745.38,无,暂未提供,22,1694.82,女,14,94,2000以下,无,6,2394.82,94,无,2017-06-20,2017-06-22 10:29:08,11188.0,B,薪资收入,0,0,0.0,手机app用户的第15次闪电借款,
pdu6****30650,2018-09-05 12:00:33,127260160,日常消费,12471.0,20.0,17000.0,30232.92,无,私营业主,32,12529.68,女,6,30,5000-8000（含5000）,无,6,25000.68,25,无,2016-07-25,2016-07-25 11:04:39,61822.0,B,投资收入,5,0,49209.0,pdu6****30650第7次借款,
pdu4****21218,2018-09-05 12:00:41,127260177,生产经营,4040.0,20.0,10000.0,13597.74,无,私营业主,22,7290.36,女,1,5,8000-15000（含8000）,无,6,11330.36,5,无,2018-03-06,2018-04-05 09:39:59,10000.0,B,经营收入,0,0,0.0,手机app用户的第2次闪电借款,
pdu3****41532,2018-09-05 12:03:42,127260499,旅游,2000.0,20.0,6000.0,9444.96,无,暂未提供,26,7344.04,男,9,22,5000-8000（含5000）,无,6,9344.04,22,无,2017-09-16,2017-09-19 15:54:21,23322.0,B,薪资收入,0,0,7344.0,手机app用户的第10次闪电借款,
pdu0****07585,2018-09-05 12:05:32,127260748,日常消费,1000.0,20.0,2000.0,3948.61,无,暂未提供,21,3602.15,女,7,29,2000-5000（含2000）,无,6,4602.15,29,无,2017-10-02,2017-11-05 11:37:29,8200.0,B,个人存款,0,0,0.0,手机app用户的第8次闪电借款,
pdu7****81772,2018-09-05 12:05:02,127260686,日常消费,998.0,20.0,6000.0,10842.81,无,私营业主,31,9095.77,女,17,77,5000-8000（含5000）,无,6,10093.77,69,无,2017-07-06,2017-07-07 10:06:34,30519.0,B,薪资收入,8,0,0.0,手机app用户的第18次闪电借款,
pdu4****40268,2018-09-05 12:07:30,127260989,生产经营,14000.0,20.0,10000.0,11764.14,普通,私营业主,25,0.0,男,4,24,5000-8000（含5000）,专科,6,14000.0,18,广东农工商职业技术学院,2016-06-05,2016-06-06 10:41:39,26700.0,B,经营收入,6,0,0.0,手机app用户的第5次闪电借款,
pdu0****42825,2018-09-05 12:11:41,127261499,日常消费,6586.0,20.0,4000.0,4580.64,无,暂未提供,22,1466.88,女,1,8,2000-5000（含2000）,无,6,8052.88,8,无,2017-11-18,2017-12-17 19:53:13,4000.0,B,薪资收入,0,0,0.0,pdu0****42825第2次借款,
pdu8****23001,2018-09-05 12:09:50,127261267,日常消费,1326.0,20.0,5095.0,16350.33,无,暂未提供,31,14787.56,女,13,80,5000-8000（含5000）,无,6,16113.56,80,无,2016-11-09,2017-01-03 23:30:26,46494.0,B,薪资收入,0,0,74796.0,手机app用户的第14次闪电借款,
pdu1****06135,2018-09-05 12:11:30,127261467,日常消费,4338.0,20.0,10000.0,12255.43,成人,暂未提供,27,11703.57,女,4,16,5000-8000（含5000）,专科,6,16041.57,15,四川大学,2017-11-08,2017-11-08 15:09:52,21039.0,B,薪资收入,1,0,0.0,pdu1****06135第5次借款,
pdu****0381,2018-09-05 12:12:46,127261635,日常消费,3200.0,20.0,8400.0,11607.6,无,私营业主,47,7865.2,女,10,59,15000及以上,无,6,11065.2,59,无,2015-04-25,2016-11-04 09:22:40,48628.0,B,个人存款,0,0,106273.0,手机app用户的第11次闪电借款,
pdu1****21845,2018-09-05 12:12:32,127261608,日常消费,3000.0,20.0,8000.0,19972.62,普通,暂未提供,29,12452.75,男,10,53,8000-15000（含8000）,本科,6,15452.75,47,南京理工大学泰州科技学院,2016-09-20,2016-09-26 09:10:50,37493.0,B,薪资收入,6,0,0.0,手机app用户的第11次闪电借款,
pdu0****05234,2018-09-05 12:12:03,127261551,日常消费,2000.0,20.0,5217.0,8135.98,无,暂未提供,28,7303.53,女,13,69,2000以下,无,6,9303.529999999999,69,无,2016-12-13,2016-12-13 20:47:34,26426.0,B,薪资收入,0,0,0.0,手机app用户的第14次闪电借款,
pdu1****30872,2018-09-05 12:16:30,127262080,日常消费,2370.0,20.0,6209.0,13335.08,普通,暂未提供,23,11073.71,女,7,15,5000-8000（含5000）,本科,6,13443.71,15,桂林航天工业学院,2017-10-04,2017-10-06 14:47:53,24079.0,B,薪资收入,0,0,4000.0,手机app用户的第8次闪电借款,
pdu7****87205,2018-09-05 12:20:12,127262484,日常消费,1189.0,20.0,7325.0,11128.41,无,暂未提供,22,9725.46,女,14,35,2000-5000（含2000）,无,6,10914.46,35,无,2017-07-28,2017-08-23 11:00:03,33387.0,B,薪资收入,0,0,0.0,手机app用户的第15次闪电借款,
pdu8****47133,2018-09-05 12:19:32,127262423,日常消费,2000.0,20.0,7000.0,8259.54,无,暂未提供,30,5334.54,男,3,5,5000-8000（含5000）,无,6,7334.54,5,无,2018-06-08,2018-06-08 14:28:29,9290.0,B,薪资收入,0,0,2000.0,手机app用户的第4次闪电借款,
pdu3****68475,2018-09-05 12:19:34,127262429,日常消费,3800.0,20.0,14000.0,19039.64,成人,暂未提供,28,11132.24,女,3,17,8000-15000（含8000）,专科,6,14932.24,17,武汉工业学院,2018-04-20,2018-04-20 11:17:24,32581.0,B,经营收入,0,0,0.0,手机app用户的第4次闪电借款,
pdu7****70605,2018-09-05 12:26:07,127263207,日常消费,682.0,20.0,3500.0,4833.4,无,私营业主,23,3802.35,女,13,94,2000-5000（含2000）,无,6,4484.35,94,无,2017-01-23,2017-01-23 15:53:31,15570.0,B,薪资收入,0,0,6000.0,手机app用户的第14次闪电借款,零逾期  
pdu6****34153,2018-09-05 12:25:09,127263080,医疗,600.0,20.0,4106.0,3581.4,无,私营业主,20,1892.6,女,5,31,2000-5000（含2000）,无,6,2492.6,31,无,2017-06-18,2017-06-26 22:09:28,9506.0,B,薪资收入,0,0,0.0,手机app用户的第6次闪电借款,
pdu3****27846,2018-09-05 12:26:29,127263259,装修,2520.0,20.0,3000.0,3753.57,无,暂未提供,20,557.64,女,5,22,5000-8000（含5000）,无,6,3077.64,22,无,2017-08-30,2017-09-03 14:28:38,7957.0,B,薪资收入,0,0,0.0,手机app用户的第6次闪电借款,
pdu4****27573,2018-09-05 12:27:55,127263442,旅游,6500.0,20.0,3800.0,4507.44,无,私营业主,21,0.0,女,1,12,8000-15000（含8000）,无,6,6500.0,12,无,2015-12-10,2017-08-09 14:34:22,3800.0,B,经营收入,0,0,0.0,pdu4****27573第2次借款,
pdu6****52214,2018-09-05 12:32:15,127263969,日常消费,2255.0,20.0,14191.0,17868.66,无,暂未提供,24,14629.72,男,5,33,8000-15000（含8000）,无,6,16884.72,32,无,2016-12-10,2016-12-11 05:59:52,27584.0,B,薪资收入,1,0,0.0,手机app用户的第6次闪电借款,
pdu0****13882,2018-09-05 12:32:49,127264039,旅游,8000.0,20.0,5000.0,9209.42,无,暂未提供,22,7470.73,女,3,9,2000-5000（含2000）,无,6,15470.73,9,无,2017-10-25,2017-12-02 22:13:54,11000.0,B,薪资收入,0,0,2287.0,手机app用户的第4次闪电借款,
pdu6****43719,2018-09-05 12:31:02,127263837,兼职创业,800.0,20.0,2600.0,4694.79,无,暂未提供,21,3591.13,男,2,6,2000-5000（含2000）,无,6,4391.13,6,无,2018-04-04,2018-04-14 14:46:28,4100.0,B,薪资收入,0,0,15776.0,手机app用户的第3次闪电借款,
pdu1****73785,2018-09-05 12:33:50,127264167,日常消费,1680.0,20.0,3500.0,8460.73,无,暂未提供,21,6085.28,女,22,87,2000以下,无,6,7765.28,87,无,2017-06-24,2017-06-24 19:49:47,28400.0,B,个人存款,0,0,893.0,手机app用户的借款,零逾期  
pdu7****68273,2018-09-05 12:34:28,127264236,装修,1000.0,20.0,2000.0,5456.83,普通,暂未提供,23,3777.11,男,9,40,2000-5000（含2000）,专科,6,4777.110000000001,39,四川长江职业学院,2017-02-18,2017-03-30 09:29:16,10046.0,B,薪资收入,1,0,0.0,手机app用户的第10次闪电借款,
pdu7****81575,2018-09-05 12:37:09,127264545,装修,2500.0,20.0,4000.0,12365.56,普通,私营业主,30,8287.26,男,10,30,8000-15000（含8000）,本科,6,10787.26,30,西安建筑科技大学,2017-10-23,2017-10-23 02:13:14,17500.0,B,薪资收入,0,0,0.0,手机app用户的第11次闪电借款,
pdu7****40142,2018-09-05 12:41:17,127265061,生产经营,2828.0,20.0,12000.0,20314.14,无,私营业主,40,16475.92,女,10,36,2000-5000（含2000）,无,6,19303.92,36,无,2016-10-13,2017-04-02 23:00:26,51637.0,B,经营收入,0,0,29659.0,手机app用户的第11次闪电借款,
pdu7****63477,2018-09-05 12:44:14,127265394,日常消费,3700.0,20.0,24206.0,32678.88,成人,暂未提供,21,21861.44,女,10,68,5000-8000（含5000）,专科,6,25561.44,68,韶关学院,2016-12-26,2017-01-26 23:16:03,67619.0,B,薪资收入,0,0,1080.0,pdu7****63477第11次借款,
pdu0****65114,2018-09-05 12:45:51,127265589,日常消费,500.0,20.0,5000.0,12101.49,无,暂未提供,27,10599.27,女,3,9,2000以下,无,6,11099.27,9,无,2017-06-05,2018-05-25 15:03:54,12800.0,B,个人存款,0,0,0.0,手机app用户的第4次闪电借款,
pdu4****32077,2018-09-05 12:46:06,127265620,日常消费,4174.0,20.0,5000.0,8911.36,无,私营业主,24,6807.07,男,9,58,8000-15000（含8000）,无,6,10981.07,56,无,2016-10-28,2016-10-29 07:40:24,17373.0,B,经营收入,2,0,0.0,手机app用户的第10次闪电借款,
pdu4****17218,2018-09-05 12:50:36,127266123,日常消费,818.0,20.0,5000.0,6231.1,无,暂未提供,20,4609.05,女,15,75,2000-5000（含2000）,无,6,5427.05,75,无,2017-05-02,2017-05-02 23:30:05,17795.0,B,个人存款,0,0,12564.0,手机app用户的第11次闪电借款,
pdu8****54320,2018-09-05 12:50:36,127266124,日常消费,3499.0,20.0,10800.0,12669.72,无,暂未提供,23,8308.17,女,4,12,2000-5000（含2000）,无,6,11807.17,9,无,2017-06-09,2017-06-09 16:10:39,19300.0,B,薪资收入,3,0,0.0,手机app用户的第5次闪电借款,
pdu4****52708,2018-09-05 12:49:36,127266006,日常消费,2885.0,20.0,12000.0,15981.24,成人,暂未提供,37,13988.99,男,4,26,5000-8000（含5000）,本科,6,16873.989999999998,26,北方工业大学,2017-06-06,2017-06-07 10:35:42,36937.0,B,薪资收入,0,0,68601.0,手机app用户的第5次闪电借款,
pdu****7673,2018-09-05 12:53:03,127266381,装修,3597.0,20.0,9500.0,13700.07,无,私营业主,40,9411.09,男,2,9,15000及以上,无,6,13008.09,9,无,2015-03-14,2018-01-15 09:51:43,15749.0,B,经营收入,0,0,204661.0,手机app用户的第3次闪电借款,
pdu0****38115,2018-09-05 12:54:18,127266534,日常消费,12791.0,20.0,12100.0,14133.55,无,私营业主,30,1873.08,女,2,11,15000及以上,无,6,14664.08,11,无,2017-10-31,2017-10-31 20:08:08,22140.0,B,经营收入,0,0,0.0,pdu0****38115第3次借款,
pdu8****55778,2018-09-05 12:56:54,127266845,日常消费,10339.0,20.0,8000.0,12688.5,无,暂未提供,44,10685.09,男,3,10,8000-15000（含8000）,无,6,21024.09,10,无,2018-01-30,2018-01-30 11:23:24,14778.0,B,薪资收入,0,0,0.0,pdu8****55778第4次借款,
pdu1****14304,2018-09-05 12:56:54,127266847,日常消费,5000.0,20.0,27000.0,32491.32,普通,私营业主,25,24368.49,男,1,3,8000-15000（含8000）,专科,6,29368.49,3,重庆工程学院,2018-06-04,2018-06-05 10:28:42,27000.0,B,经营收入,0,0,0.0,手机app用户的第2次闪电借款,
pdu2****60882,2018-09-05 12:59:36,127267127,日常消费,5000.0,20.0,3000.0,9414.74,无,暂未提供,25,2234.34,女,8,49,8000-15000（含8000）,无,6,7234.34,43,无,2016-12-05,2016-12-05 11:41:48,16500.0,B,薪资收入,6,0,0.0,pdu2****60882第9次借款,
pdu0****08010,2018-09-05 13:01:26,127267325,日常消费,4000.0,20.0,7400.0,13703.64,无,暂未提供,29,5545.65,女,12,42,5000-8000（含5000）,无,6,9545.65,42,无,2017-04-15,2017-04-20 21:05:19,42399.0,B,经营收入,0,0,0.0,手机app用户的第13次闪电借款,
pdu7****22365,2018-09-05 13:04:52,127267761,日常消费,2336.0,20.0,5691.0,7849.78,*,私营业主,37,5114.59,男,8,31,8000-15000（含8000）,本科,6,7450.59,20,南京陆军指挥学院,2017-06-12,2017-06-12 19:55:26,24135.0,B,薪资收入,11,0,0.0,手机app用户的第9次闪电借款,
pdu5****27155,2018-09-05 13:05:22,127267826,装修,13045.0,20.0,15800.0,19048.08,无,暂未提供,32,3174.68,男,1,10,8000-15000（含8000）,无,6,16219.68,10,无,2017-10-26,2017-10-26 03:56:51,15800.0,B,薪资收入,0,0,0.0,pdu5****27155第2次借款,
pdu1****68716,2018-09-05 13:05:08,127267800,日常消费,625.0,20.0,2452.0,6677.64,无,暂未提供,21,5660.34,女,4,9,5000-8000（含5000）,无,6,6285.34,9,无,2018-05-10,2018-05-10 22:08:20,7091.0,B,薪资收入,0,0,0.0,手机app用户的第5次闪电借款,
pdu8****18817,2018-09-05 13:08:50,127268279,装修,10000.0,20.0,10000.0,13846.79,普通,暂未提供,32,0.0,女,9,49,15000及以上,本科,6,10000.0,41,集美大学诚毅学院,2016-11-17,2016-11-17 15:26:28,39645.0,B,薪资收入,8,0,0.0,手机app用户的第10次闪电借款,
pdu1****03472,2018-09-05 13:06:14,127267949,日常消费,5140.0,20.0,16000.0,19209.24,成人,暂未提供,37,12806.16,女,1,4,5000-8000（含5000）,本科,6,17946.16,4,新疆师范大学,2018-04-25,2018-04-25 13:00:59,16000.0,B,投资收入,0,0,56903.0,手机app用户的第2次闪电借款,
pdu8****38560,2018-09-05 13:09:05,127268311,旅游,500.0,20.0,1000.0,3006.08,无,暂未提供,20,2127.86,女,6,16,5000-8000（含5000）,无,6,2627.86,16,无,2018-04-25,2018-04-25 13:43:51,3500.0,B,个人存款,0,0,0.0,手机app用户的第7次闪电借款,
pdu5****65454,2018-09-05 13:11:19,127268607,旅游,1500.0,20.0,3000.0,6132.21,无,私营业主,23,642.39,男,3,19,2000-5000（含2000）,无,6,2142.39,19,无,2017-03-16,2017-03-16 02:52:41,5850.0,B,薪资收入,0,0,0.0,手机app用户的第4次闪电借款,
pdu8****87154,2018-09-05 13:12:42,127268764,生产经营,912.0,20.0,5000.0,7091.08,无,私营业主,27,6013.03,女,13,56,5000-8000（含5000）,无,6,6925.03,47,无,2017-01-18,2017-03-03 14:06:52,18216.0,B,经营收入,9,0,0.0,手机app用户的第14次闪电借款,
pdu7****17363,2018-09-05 13:16:36,127269220,装修,16000.0,20.0,11255.0,18144.27,普通,私营业主,34,0.0,男,5,30,8000-15000（含8000）,专科,6,16000.0,30,重庆信息技术职业学院,2017-01-06,2017-01-07 14:45:36,42115.0,B,薪资收入,0,0,0.0,手机app用户的借款,
pdu4****12640,2018-09-05 13:19:19,127269536,日常消费,1102.0,20.0,2500.0,4256.7,无,私营业主,20,1544.33,女,22,100,2000-5000（含2000）,无,6,2646.33,96,无,2016-08-20,2016-08-28 11:00:19,21774.0,B,个人存款,4,0,9400.0,手机app用户的第9次闪电借款,
pdu1****50534,2018-09-05 13:24:14,127270138,日常消费,611.0,20.0,4060.0,5179.58,普通,暂未提供,22,4288.77,女,9,27,2000-5000（含2000）,本科,6,4899.77,26,南京信息工程大学,2017-04-30,2017-05-31 11:16:15,12360.0,B,薪资收入,1,0,18741.0,pdu1****50534第7次借款,
pdu0****74157,2018-09-05 13:50:33,127273252,日常消费,2000.0,20.0,5224.0,12713.8,无,私营业主,39,5304.47,女,16,101,5000-8000（含5000）,无,6,7304.47,95,无,2016-12-03,2016-12-03 17:09:39,35608.0,B,经营收入,6,0,0.0,pdu0****74157第17次借款,
pdu3****28344,2018-09-05 14:03:19,127274724,日常消费,11641.0,20.0,19000.0,21531.54,无,私营业主,28,7849.12,女,13,52,15000及以上,无,6,19490.12,52,无,2016-09-26,2016-09-26 15:49:21,87401.0,B,经营收入,0,0,0.0,pdu3****28344第13次借款,零逾期  
pdu1****20300,2018-09-05 14:24:26,127277377,旅游,1500.0,20.0,3000.0,5207.08,无,暂未提供,45,4555.66,男,6,18,5000-8000（含5000）,无,6,6055.66,18,无,2017-11-03,2017-11-10 16:52:44,11000.0,B,薪资收入,0,0,1971.0,pdu1****20300第7次借款,
pdu6****92050,2018-09-05 14:30:57,127278144,医疗,1082.0,20.0,4250.0,5779.04,无,暂未提供,21,4183.17,男,5,13,2000-5000（含2000）,无,6,5265.17,13,无,2018-01-01,2018-03-02 12:13:22,7382.0,B,经营收入,0,0,0.0,手机app用户的第6次闪电借款,
pdu8****02347,2018-09-05 14:46:57,127280084,日常消费,3000.0,20.0,4000.0,15154.32,普通,暂未提供,27,8666.15,女,21,131,2000-5000（含2000）,专科,6,11666.15,125,石家庄经济学院,2016-11-18,2016-12-04 09:00:33,39000.0,B,薪资收入,6,0,0.0,pdu8****02347第22次借款,
pdu****0503,2018-09-05 15:08:31,127282597,日常消费,6600.0,20.0,5000.0,8057.62,自考,暂未提供,39,887.61,女,8,30,5000-8000（含5000）,本科,6,7487.61,28,河北经贸大学,2015-09-18,2017-06-28 14:15:08,20912.0,B,个人存款,2,0,9224.0,pdu4****503第9次借款,
pdu0****50368,2018-09-05 15:14:50,127283346,日常消费,6602.0,20.0,7700.0,10469.55,无,暂未提供,42,4009.4,男,1,7,5000-8000（含5000）,无,6,10611.4,7,无,2016-07-10,2018-01-17 12:18:09,7700.0,B,薪资收入,0,0,0.0,pdu0****50368第2次借款,
pdu4****21271,2018-09-05 15:12:57,127283133,医疗,2232.0,20.0,4000.0,9444.68,无,暂未提供,36,7075.83,女,14,65,2000-5000（含2000）,无,6,9307.83,63,无,2016-08-24,2017-05-06 21:12:02,31144.0,B,薪资收入,2,0,2772.0,pdu4****21271第15次借款,
pdu1****35053,2018-09-05 15:15:44,127283437,日常消费,500.0,20.0,2000.0,2719.47,无,暂未提供,20,1988.09,女,2,7,5000-8000（含5000）,无,6,2488.09,7,无,2018-02-28,2018-02-28 11:27:49,2800.0,B,薪资收入,0,0,0.0,手机app用户的第3次闪电借款,
pdu8****08827,2018-09-05 15:22:03,127284159,日常消费,1500.0,20.0,6800.0,7891.99,无,暂未提供,22,6517.77,女,11,27,2000-5000（含2000）,无,6,8017.77,23,无,2016-11-22,2017-08-18 21:06:46,21211.0,B,薪资收入,4,0,21141.0,手机app用户的借款,
pdu3****81475,2018-09-05 15:26:10,127284655,医疗,5132.0,20.0,5000.0,9308.93,无,暂未提供,22,5696.57,女,3,16,2000-5000（含2000）,无,6,10828.57,16,无,2018-01-11,2018-01-12 07:31:32,11800.0,B,薪资收入,0,0,0.0,手机app用户的第4次闪电借款,
pdu8****45345,2018-09-05 15:39:58,127286320,旅游,877.0,20.0,5000.0,12300.82,成人,暂未提供,20,10743.41,女,8,18,2000-5000（含2000）,专科,6,11620.41,18,广州医科大学,2018-02-12,2018-02-12 18:46:05,13784.0,B,个人存款,0,0,0.0,手机app用户的借款,
pdu0****70170,2018-09-05 16:07:08,127289527,日常消费,697.0,20.0,1000.0,2665.49,无,暂未提供,21,1869.61,女,15,77,2000以下,无,6,2566.6099999999997,77,无,2016-06-20,2016-06-20 22:26:14,12151.0,B,经营收入,0,0,0.0,pdu0****70170第16次借款,
pdu8****46851,2018-09-05 16:03:11,127289060,装修,3500.0,20.0,10000.0,19413.09,无,暂未提供,32,10578.99,女,28,73,2000-5000（含2000）,无,6,14078.99,73,无,2016-06-16,2016-06-16 11:11:02,49070.0,B,薪资收入,0,0,46318.0,pdu8****46851第9次借款,
pdu1****89081,2018-09-05 16:23:54,127291392,医疗,1900.0,20.0,8000.0,9866.88,无,私营业主,34,7400.16,女,1,3,5000-8000（含5000）,无,6,9300.16,3,无,2018-05-17,2018-05-20 20:20:35,8000.0,B,薪资收入,0,0,0.0,pdu1****89081第2次借款,
pdu3****62756,2018-09-05 16:18:27,127290800,日常消费,1546.0,20.0,4770.0,6016.77,无,暂未提供,21,3772.68,女,2,5,2000-5000（含2000）,无,6,5318.68,5,无,2017-11-20,2018-05-23 12:12:56,7270.0,B,经营收入,0,0,0.0,手机app用户的第3次闪电借款,
pdu7****36711,2018-09-05 16:27:03,127291734,旅游,14280.0,20.0,10550.0,12471.54,无,暂未提供,53,0.0,女,3,17,5000-8000（含5000）,无,6,14280.0,17,无,2015-11-22,2017-10-15 00:26:53,22906.0,B,薪资收入,0,0,0.0,pdu7****36711第4次借款,
pdu2****20822,2018-09-05 16:46:50,127293993,日常消费,3116.0,20.0,28577.0,53285.75,普通,暂未提供,28,48925.75,男,31,223,8000-15000（含8000）,本科,6,52041.75,223,嘉兴学院,2015-12-08,2015-12-08 18:00:40,112122.0,B,薪资收入,0,0,130694.0,pdu2****20822第32次借款,
pdu4****71047,2018-09-05 16:39:49,127293194,日常消费,1500.0,20.0,21300.0,25678.08,普通,暂未提供,38,23538.24,女,5,32,15000及以上,本科,6,25038.24,30,济南大学,2016-07-22,2016-07-23 12:44:41,42046.0,B,薪资收入,2,0,0.0,pdu4****71047第6次借款,
pdu5****46338,2018-09-05 16:41:18,127293360,日常消费,600.0,20.0,4000.0,4492.44,无,暂未提供,21,2276.69,女,6,30,5000-8000（含5000）,无,6,2876.69,30,无,2016-08-29,2016-09-06 22:48:17,9000.0,B,个人存款,0,0,0.0,手机app用户的第7次闪电借款,
pdu1****81301,2018-09-05 16:41:27,127293373,日常消费,770.0,20.0,4000.0,5989.69,无,暂未提供,20,5157.88,女,13,41,5000-8000（含5000）,无,6,5927.88,41,无,2017-07-25,2017-07-25 17:49:19,17591.0,B,薪资收入,0,0,12863.0,手机app用户的第14次闪电借款,
pdu****5368,2018-09-05 16:59:30,127295415,日常消费,4500.0,20.0,4500.0,6118.56,普通,暂未提供,32,1919.52,男,1,8,2000-5000（含2000）,专科,6,6419.52,8,山西建筑职业技术学院,2015-09-20,2018-01-04 09:59:00,4500.0,B,薪资收入,0,0,2303.0,手机app用户的借款,
