Amount,BidAmount,ListingId,Months,Rate,Title
8500.0,50.0,119036625,3,8.0,手机app用户的第1次闪电借款
5000.0,50.0,119058533,3,9.0,pdu3****85877第3次借款
4375.0,50.0,119162322,3,9.0,pdu3****37763第4次借款
5000.0,50.0,119259950,3,9.0,pdu2****65688第8次借款
4000.0,50.0,119264736,3,9.0,手机app用户的第7次闪电借款
4392.0,50.0,119274488,3,9.0,pdu5****07106第10次借款
2142.0,50.0,119372420,3,9.0,pdu3****40414第13次借款
3732.0,50.0,119406632,3,9.0,手机app用户的第6次闪电借款
2000.0,50.0,119497276,3,9.0,手机app用户的第10次闪电借款
2000.0,50.0,119497753,3,9.0,手机app用户的借款
2062.0,50.0,119502270,3,9.0,手机app用户的借款
4000.0,50.0,119528910,3,9.0,pdu6****76372第11次借款
2000.0,50.0,119533950,3,9.0,pdu8****71705第2次借款
7275.0,50.0,119541022,3,9.0,手机app用户的第11次闪电借款
4000.0,50.0,119558419,3,9.0,手机app用户的第6次闪电借款
4420.0,50.0,119632833,3,9.0,手机app用户的借款
2000.0,50.0,119638396,3,9.0,pdu8****04767第8次借款
2109.0,50.0,119659576,3,9.0,手机app用户的第6次闪电借款
4026.0,50.0,119661729,3,9.0,pdu4****10121第9次借款
2000.0,50.0,119667207,3,9.0,pdu4****13687第4次借款
2000.0,50.0,119672786,3,9.0,手机app用户的借款
2000.0,50.0,119686250,3,9.0,pdu8****20808第3次借款
2000.0,50.0,119692944,3,9.0,pdu2****02020第3次借款
2046.0,50.0,119693398,3,9.0,pdu4****02182第6次借款
2000.0,50.0,119703031,3,9.0,pdu6****20041第5次借款
4000.0,50.0,119705597,3,9.0,pdu6****85022第4次借款
2000.0,50.0,119795743,3,9.0,pdu2****06586第2次借款
4000.0,50.0,119803571,3,9.0,手机app用户的第4次闪电借款
2000.0,50.0,119822365,3,9.0,手机app用户的借款
2000.0,50.0,119855007,3,9.0,pdu8****25151第2次借款
4510.0,50.0,119856241,3,9.0,手机app用户的借款
5000.0,50.0,119862849,3,9.0,pdu4****81207第14次借款
2000.0,50.0,119877216,3,9.0,pdu2****78864第5次借款
3850.0,50.0,119886847,3,9.0,手机app用户的第4次闪电借款
2000.0,50.0,119981284,3,9.0,pdu2****48780第6次借款
600.0,50.0,120002944,3,9.0,L****HAOTONG第20次借款
4000.0,50.0,120049871,3,9.0,pdu6****51523第6次借款
3970.0,50.0,120079476,3,9.0,手机app用户的借款
2864.0,50.0,120136660,3,9.0,手机app用户的借款
5000.0,50.0,120212738,3,9.0,手机app用户的借款
2000.0,50.0,120213320,3,9.0,手机app用户的第6次闪电借款
2000.0,50.0,120219736,3,9.0,手机app用户的借款
20000.0,1000.0,120236189,24,12.0,手机app用户的第1次大额借款
5000.0,50.0,120241789,3,9.0,pdu4****74307第4次借款
21000.0,1000.0,120257554,12,11.0,手机app用户的第1次闪电借款
3978.0,50.0,120265655,3,9.0,手机app用户的借款
8000.0,50.0,120275075,3,9.0,pdu3****556第9次借款
12900.0,50.0,120287780,3,9.0,手机app用户的第6次闪电借款
4113.0,50.0,120289386,3,9.0,手机app用户的第6次闪电借款
5000.0,50.0,120304795,3,20.0,手机app用户的借款
10000.0,55.0,120310821,3,20.0,手机app用户的借款
3638.0,50.0,120344114,3,9.0,手机app用户的第3次闪电借款
1000.0,50.0,120347062,3,9.0,手机app用户的借款
700.0,50.0,120347669,3,9.0,手机app用户的第11次闪电借款
3907.0,50.0,120348690,3,9.0,pdu3****72084第8次借款
1767.0,50.0,120351865,3,9.0,手机app用户的借款
2000.0,50.0,120352792,3,9.0,手机app用户的第6次闪电借款
2000.0,50.0,120353586,3,8.0,手机app用户的第1次闪电借款
731.0,50.0,120362245,3,9.0,手机app用户的第15次闪电借款
2163.0,50.0,120364418,3,9.0,手机app用户的借款
2000.0,50.0,120366318,3,9.0,手机app用户的第5次闪电借款
2001.0,50.0,120366390,3,9.0,手机app用户的第2次闪电借款
2000.0,50.0,120367650,3,9.0,手机app用户的第11次闪电借款
1090.0,50.0,120377687,3,9.0,手机app用户的第2次闪电借款
1475.0,50.0,120380420,3,9.0,手机app用户的第18次闪电借款
2000.0,50.0,120381596,3,9.0,手机app用户的第14次闪电借款
800.0,50.0,120388853,3,9.0,手机app用户的第9次闪电借款
524.0,50.0,120389823,3,9.0,手机app用户的第5次闪电借款
913.0,50.0,120391156,3,9.0,手机app用户的第18次闪电借款
1541.0,50.0,120392164,3,9.0,手机app用户的第2次闪电借款
813.0,50.0,120394796,3,9.0,手机app用户的借款
722.0,50.0,120395456,3,9.0,手机app用户的第28次闪电借款
2000.0,50.0,120396489,3,9.0,手机app用户的第7次闪电借款
2000.0,50.0,120398019,3,9.0,手机app用户的借款
575.0,50.0,120400603,3,9.0,手机app用户的第16次闪电借款
3500.0,50.0,120401144,3,9.0,手机app用户的借款
1500.0,50.0,120416623,3,9.0,手机app用户的第21次闪电借款
4124.0,50.0,120417052,3,9.0,手机app用户的借款
4000.0,50.0,120417105,3,9.0,手机app用户的第2次闪电借款
2000.0,50.0,120420111,3,9.0,手机app用户的第13次闪电借款
4000.0,50.0,120443692,3,8.0,手机app用户的第1次闪电借款
2000.0,50.0,120449195,3,8.0,手机app用户的第1次闪电借款
1628.0,50.0,120453113,3,9.0,手机app用户的第27次闪电借款
7644.0,50.0,120456694,3,9.0,手机app用户的第7次闪电借款
4000.0,50.0,120457172,3,8.0,手机app用户的第1次闪电借款
947.0,50.0,120457491,3,9.0,手机app用户的第11次闪电借款
2300.0,50.0,120460027,3,8.0,手机app用户的第1次闪电借款
2996.0,50.0,120461495,3,9.0,手机app用户的第26次闪电借款
1500.0,50.0,120463282,3,8.0,手机app用户的第1次闪电借款
2402.0,50.0,120467503,3,9.0,pdu0****16413第9次借款
765.0,50.0,120473253,3,9.0,手机app用户的借款
2500.0,50.0,120473551,3,9.0,手机app用户的借款
1000.0,50.0,120475253,3,8.0,手机app用户的第1次闪电借款
700.0,50.0,120475502,3,9.0,手机app用户的借款
1317.0,50.0,120477423,3,9.0,手机app用户的第8次闪电借款
3500.0,50.0,120478168,3,8.0,手机app用户的第1次闪电借款
3000.0,50.0,120478248,3,9.0,pdu0****726第3次借款
1977.0,50.0,120479160,3,9.0,手机app用户的第18次闪电借款
1800.0,50.0,120488138,3,9.0,手机app用户的第11次闪电借款
1300.0,50.0,120488780,3,8.0,手机app用户的第1次闪电借款
700.0,50.0,120493173,3,8.0,手机app用户的第1次闪电借款
3072.0,50.0,120499833,3,9.0,手机app用户的第4次闪电借款
1614.0,50.0,120500489,3,9.0,p****hen第15次借款
1400.0,50.0,120504303,3,9.0,手机app用户的借款
1800.0,50.0,120505649,3,8.0,手机app用户的第1次闪电借款
2942.0,50.0,120506822,3,9.0,手机app用户的借款
2765.0,50.0,120507657,3,9.0,手机app用户的借款
2100.0,50.0,120508829,3,8.0,手机app用户的第1次闪电借款
1000.0,50.0,120511704,3,8.0,手机app用户的第1次闪电借款
1479.0,50.0,120512567,3,9.0,手机app用户的借款
2338.0,50.0,120513405,3,9.0,pdu1****32347第9次借款
4000.0,50.0,120515557,3,9.0,pdu5****66626第15次借款
2220.0,50.0,120515680,3,9.0,pdu3****67357第2次借款
1000.0,50.0,120516449,3,8.0,手机app用户的第1次闪电借款
2500.0,50.0,120516882,3,9.0,手机app用户的借款
4146.0,50.0,120517273,3,9.0,pdu7****86507第18次借款
4118.0,50.0,120519004,3,9.0,pdu0****48240第9次借款
2400.0,50.0,120519825,3,9.0,手机app用户的借款
1549.0,50.0,120520779,3,9.0,手机app用户的第7次闪电借款
10000.0,50.0,120520932,3,9.0,pdu6****54342第14次借款
860.0,50.0,120521156,3,9.0,手机app用户的借款
1404.0,50.0,120521397,3,9.0,pdu4****31067第13次借款
3000.0,50.0,120521591,3,9.0,手机app用户的第2次闪电借款
2000.0,50.0,120521810,3,8.0,手机app用户的第1次闪电借款
2324.0,50.0,120522122,3,9.0,手机app用户的借款
1716.0,50.0,120522668,3,9.0,手机app用户的第11次闪电借款
773.0,50.0,120522986,3,9.0,手机app用户的借款
3000.0,50.0,120523201,3,9.0,手机app用户的第5次闪电借款
2380.0,50.0,120523243,3,9.0,手机app用户的借款
2900.0,50.0,120524230,3,8.0,手机app用户的第1次闪电借款
1053.0,50.0,120525456,3,9.0,手机app用户的第21次闪电借款
2509.0,50.0,120525949,3,9.0,手机app用户的借款
1400.0,50.0,120525996,3,8.0,手机app用户的第1次闪电借款
1428.0,50.0,120526088,3,9.0,手机app用户的借款
1600.0,50.0,120526462,3,9.0,z****ntang第14次借款
600.0,50.0,120527780,3,9.0,手机app用户的第5次闪电借款
1491.0,50.0,120528768,3,9.0,手机app用户的借款
10000.0,50.0,120529358,3,9.0,手机app用户的第4次闪电借款
2000.0,50.0,120529780,3,8.0,手机app用户的第1次闪电借款
3500.0,50.0,120529995,3,9.0,手机app用户的借款
4000.0,50.0,120530606,3,9.0,手机app用户的借款
3000.0,50.0,120530982,3,9.0,手机app用户的借款
1000.0,50.0,120531426,3,8.0,手机app用户的第1次闪电借款
800.0,50.0,120531434,3,8.0,手机app用户的第1次闪电借款
7800.0,50.0,120531466,3,9.0,pdu4****71256第10次借款
2418.0,50.0,120532237,3,9.0,pdu3****25643第7次借款
1848.0,50.0,120535638,3,9.0,pdu4****81744第11次借款
931.0,50.0,120537724,3,9.0,l****2089085第8次借款
3076.0,50.0,120538193,3,9.0,pdu5****06344第12次借款
2000.0,50.0,120539360,3,9.0,pdu8****12876第8次借款
2953.0,50.0,120539384,3,9.0,n****23第18次借款
3907.0,50.0,120539390,3,9.0,手机app用户的借款
2700.0,50.0,120539832,3,9.0,手机app用户的第12次闪电借款
1492.0,50.0,120540528,3,9.0,手机app用户的第3次闪电借款
1742.0,50.0,120540602,3,9.0,手机app用户的借款
1933.0,50.0,120541222,3,9.0,pdu6****63588第11次借款
1693.0,50.0,120541540,3,9.0,pdu8****57068第9次借款
1026.0,50.0,120541941,3,9.0,pdu6****05621第6次借款
3700.0,50.0,120542254,3,9.0,手机app用户的借款
2042.0,50.0,120543274,3,9.0,手机app用户的借款
3600.0,50.0,120543325,3,9.0,手机app用户的借款
1200.0,50.0,120543530,3,9.0,pdu6****78621第4次借款
500.0,50.0,120544213,3,9.0,pdu6****376第8次借款
1600.0,50.0,120547097,3,8.0,手机app用户的第1次闪电借款
1504.0,50.0,120548983,3,9.0,手机app用户的第9次闪电借款
1814.0,50.0,120551718,3,9.0,手机app用户的第12次闪电借款
727.0,50.0,120551954,3,9.0,手机app用户的第5次闪电借款
500.0,50.0,120553931,3,9.0,手机app用户的第26次闪电借款
1767.0,50.0,120555502,3,9.0,pdu1****71544第10次借款
2882.0,50.0,120555910,3,9.0,手机app用户的第5次闪电借款
3959.0,50.0,120556890,3,9.0,手机app用户的借款
1893.0,50.0,120557424,3,9.0,手机app用户的借款
1700.0,50.0,120558415,3,9.0,手机app用户的第4次闪电借款
3534.0,50.0,120559850,3,9.0,pdu5****70605第24次借款
1000.0,50.0,120559862,3,8.0,手机app用户的第1次闪电借款
600.0,50.0,120560209,3,9.0,手机app用户的第12次闪电借款
1578.0,50.0,120560219,3,9.0,手机app用户的借款
1300.0,50.0,120561249,3,9.0,手机app用户的借款
971.0,50.0,120562235,3,9.0,手机app用户的第8次闪电借款
2000.0,50.0,120564331,3,9.0,手机app用户的第9次闪电借款
2732.0,50.0,120566180,3,20.0,pdu4****63483第5次借款
8084.0,50.0,120576808,3,20.0,pdu6****55210第6次借款
855.0,50.0,120580443,3,20.0,pdu2****04041第4次借款
3700.0,50.0,120581421,3,20.0,手机app用户的第5次闪电借款
2178.0,50.0,120647691,3,20.0,pdu2****25416第10次借款
3139.0,50.0,120651896,3,20.0,手机app用户的第17次闪电借款
14108.0,50.0,120663478,12,20.0,M****872第7次借款
2467.0,50.0,120670604,3,20.0,pdu0****80482第8次借款
3811.0,50.0,120675199,12,20.0,手机app用户的第8次闪电借款
2372.0,100.0,120681011,3,20.0,pdu6****53328第25次借款
2500.0,50.0,120688340,3,20.0,手机app用户的借款
5000.0,50.0,120688686,3,20.0,手机app用户的借款
1904.0,50.0,120688882,3,20.0,手机app用户的第8次闪电借款
730.0,50.0,120690067,3,20.0,手机app用户的第2次闪电借款
1097.0,50.0,120695447,3,20.0,手机app用户的借款
3225.0,50.0,120696088,3,20.0,手机app用户的借款
1000.0,50.0,120696345,3,20.0,手机app用户的借款
515.0,50.0,120696585,3,20.0,手机app用户的第13次闪电借款
2183.0,50.0,120697323,3,20.0,pdu6****15851第11次借款
2434.0,50.0,120697437,3,20.0,手机app用户的第10次闪电借款
3125.0,100.0,120697838,3,20.0,手机app用户的第8次闪电借款
800.0,50.0,120699906,3,20.0,手机app用户的第6次闪电借款
500.0,50.0,120700672,3,20.0,手机app用户的第7次闪电借款
1077.0,50.0,120700849,3,20.0,手机app用户的第10次闪电借款
1000.0,50.0,120702359,3,20.0,手机app用户的借款
911.0,50.0,120826631,3,20.0,pdu3****57245第9次借款
2000.0,50.0,120828749,3,20.0,pdu3****50838第8次借款
677.0,50.0,120837652,3,20.0,pdu5****17558第8次借款
699.0,50.0,120838372,3,20.0,pdu1****53608第17次借款
2000.0,50.0,120839679,3,20.0,手机app用户的第7次闪电借款
500.0,50.0,120840353,3,20.0,手机app用户的第11次闪电借款
1500.0,50.0,120841108,3,20.0,pdu4****84115第11次借款
2678.0,50.0,120842198,3,20.0,手机app用户的第20次闪电借款
1800.0,50.0,120843710,3,20.0,a****e第15次借款
1600.0,50.0,120843828,3,20.0,pdu0****10670第9次借款
638.0,50.0,120846245,3,20.0,pdu4****02812第10次借款
3000.0,50.0,120846581,3,20.0,pdu2****81202第14次借款
2568.0,50.0,120850070,3,20.0,pdu5****85082第12次借款
1000.0,50.0,120850352,3,20.0,手机app用户的第9次闪电借款
1200.0,50.0,120851319,3,20.0,手机app用户的第6次闪电借款
2056.0,50.0,120851531,3,20.0,pdu8****70580第11次借款
1621.0,50.0,120852346,3,20.0,pdu1****46075第12次借款
2300.0,50.0,120853674,3,20.0,pdu4****61822第8次借款
2400.0,50.0,120856303,3,20.0,手机app用户的第4次闪电借款
1400.0,50.0,120856673,3,20.0,pdu0****63354第3次借款
1000.0,50.0,120960957,3,20.0,pdu6****70535第9次借款
2078.0,50.0,120971605,3,20.0,pdu4****08271第12次借款
5945.0,50.0,120971839,3,20.0,pdu6****370第8次借款
1000.0,50.0,120974900,3,20.0,pdu1****27371第7次借款
1425.0,50.0,120979304,3,20.0,pdu8****57487第18次借款
1078.0,50.0,120980882,3,20.0,手机app用户的第6次闪电借款
2109.0,50.0,120981211,3,20.0,pdu8****05632第8次借款
2800.0,50.0,120983199,3,20.0,o****g_1982第17次借款
1000.0,50.0,120984665,3,20.0,pdu5****32437第14次借款
1319.0,50.0,120987421,3,20.0,r****757516第12次借款
2220.0,50.0,120989352,3,20.0,pdu1****50847第8次借款
7999.0,50.0,120991874,3,20.0,pdu5****823第8次借款
1481.0,50.0,120995267,3,20.0,手机app用户的第13次闪电借款
935.0,50.0,121012103,3,20.0,手机app用户的第12次闪电借款
538.0,50.0,121075014,3,20.0,手机app用户的第9次闪电借款
2113.0,50.0,121077246,3,20.0,y****138第6次借款
1250.0,50.0,121078886,3,20.0,pdu6****88432第15次借款
2500.0,50.0,121080589,3,20.0,pdu0****32000第20次借款
2497.0,50.0,121081074,3,20.0,pdu3****74830第13次借款
666.0,50.0,121081482,3,20.0,手机app用户的第11次闪电借款
1000.0,50.0,121081840,3,20.0,pdu1****66545第3次借款
842.0,50.0,121084824,3,20.0,手机app用户的借款
700.0,50.0,121087609,3,20.0,手机app用户的借款
1600.0,50.0,121089636,3,20.0,手机app用户的第20次闪电借款
4000.0,50.0,121090666,3,20.0,pdu1****70481第11次借款
700.0,50.0,121092056,3,20.0,pdu1****25655第6次借款
533.0,50.0,121092416,3,20.0,手机app用户的第11次闪电借款
700.0,50.0,121092828,3,20.0,手机app用户的借款
1500.0,50.0,121093692,3,20.0,pdu2****23755第6次借款
1500.0,50.0,121094704,3,20.0,手机app用户的第16次闪电借款
1000.0,50.0,121102427,3,20.0,pdu1****34157第15次借款
1159.0,50.0,121105496,3,20.0,手机app用户的借款
1719.0,50.0,121108634,3,20.0,手机app用户的第14次闪电借款
725.0,50.0,121109235,3,20.0,手机app用户的第22次闪电借款
1400.0,50.0,121111459,3,20.0,手机app用户的借款
1471.0,50.0,121214333,3,20.0,pdu8****62755第18次借款
671.0,50.0,121231074,3,20.0,手机app用户的第9次闪电借款
650.0,50.0,121231657,3,20.0,手机app用户的第12次闪电借款
5000.0,50.0,121236172,3,20.0,pdu5****02687第15次借款
1000.0,50.0,121236187,3,20.0,手机app用户的第7次闪电借款
830.0,50.0,121237244,3,20.0,手机app用户的借款
823.0,50.0,121237590,3,20.0,手机app用户的第4次闪电借款
1443.0,50.0,121238256,3,20.0,pdu2****27448第6次借款
1025.0,50.0,121241179,3,20.0,手机app用户的第12次闪电借款
1500.0,50.0,121241756,3,20.0,pdu4****35733第9次借款
1109.0,50.0,121244883,3,20.0,手机app用户的第17次闪电借款
500.0,50.0,121245030,3,20.0,手机app用户的第17次闪电借款
2166.0,50.0,121254024,3,20.0,pdu3****26873第9次借款
3516.0,50.0,121254073,3,20.0,pdu5****01243第16次借款
908.0,50.0,121254711,3,20.0,pdu3****24441第3次借款
1900.0,50.0,121255591,3,20.0,pdu1****88070第19次借款
1483.0,50.0,121256140,3,20.0,pdu5****16318第8次借款
1012.0,50.0,121258294,3,20.0,pdu8****80446第14次借款
1004.0,50.0,121258911,3,20.0,手机app用户的第3次闪电借款
3067.0,50.0,121260387,3,20.0,手机app用户的第10次闪电借款
10731.0,50.0,121263185,3,20.0,手机app用户的借款
500.0,50.0,121265381,3,20.0,手机app用户的第10次闪电借款
1500.0,50.0,121288711,3,20.0,pdu6****83608第10次借款
6100.0,50.0,121289845,3,20.0,pdu6****55552第10次借款
500.0,50.0,121290879,3,20.0,pdu1****03410第2次借款
1800.0,50.0,121294676,3,20.0,pdu7****84781第10次借款
1038.0,50.0,121305169,3,20.0,手机app用户的借款
1752.0,50.0,121308900,3,20.0,手机app用户的借款
1835.0,50.0,121328455,3,20.0,pdu5****67205第14次借款
2000.0,50.0,121328466,3,20.0,pdu2****17545第4次借款
5900.0,50.0,121339804,3,20.0,pdu0****65120第2次借款
3679.0,50.0,121345348,3,20.0,手机app用户的第2次闪电借款
1234.0,50.0,121348482,3,20.0,手机app用户的第21次闪电借款
7000.0,50.0,121351303,3,20.0,pdu5****32511第10次借款
2004.0,50.0,121354169,3,20.0,pdu3****25154第4次借款
8000.0,100.0,121359575,3,20.0,pdu1****17611第14次借款
3000.0,50.0,121360758,3,20.0,pdu0****66286第6次借款
5181.0,50.0,121365243,3,20.0,手机app用户的第2次闪电借款
5000.0,50.0,121365263,3,20.0,手机app用户的第4次闪电借款
500.0,8.0,121369579,3,20.0,pdu5****67184第10次借款
2500.0,50.0,121371240,3,20.0,手机app用户的第6次闪电借款
1264.0,50.0,121372383,3,20.0,手机app用户的第9次闪电借款
900.0,50.0,121372640,3,20.0,手机app用户的第7次闪电借款
621.0,50.0,121372733,3,20.0,手机app用户的第5次闪电借款
1300.0,50.0,121377519,3,20.0,pdu6****30826第5次借款
3000.0,50.0,121380322,3,20.0,pdu8****72887第22次借款
3441.0,50.0,121384136,3,20.0,pdu4****102第16次借款
1300.0,50.0,121385945,3,20.0,pdu8****35140第21次借款
6387.0,50.0,121389190,3,20.0,pdu4****52536第2次借款
5323.0,50.0,121389241,3,20.0,手机app用户的第8次闪电借款
2000.0,50.0,121390401,3,20.0,手机app用户的借款
10000.0,100.0,121396683,3,20.0,pdu2****78667第7次借款
1500.0,50.0,121399120,3,20.0,pdu1****23848第19次借款
500.0,20.0,121401246,3,20.0,pdu7****08162第12次借款
5000.0,50.0,121401580,3,20.0,pdu2****253第7次借款
14440.0,100.0,121401675,3,20.0,手机app用户的借款
4529.0,50.0,121403483,3,20.0,pdu3****22808第11次借款
1000.0,50.0,121460824,3,20.0,手机app用户的第5次闪电借款
1900.0,50.0,121463170,3,20.0,pdu0****21766第13次借款
3367.0,50.0,121463536,3,20.0,pdu1****58843第6次借款
1730.0,50.0,121463781,3,20.0,pdu5****36648第8次借款
10365.0,50.0,121464433,3,20.0,pdu5****02558第6次借款
3135.0,50.0,121465700,3,20.0,pdu6****33618第4次借款
500.0,50.0,121473418,3,20.0,手机app用户的第4次闪电借款
7604.0,50.0,121477310,3,20.0,手机app用户的借款
4864.0,50.0,121477893,3,20.0,手机app用户的借款
1000.0,50.0,121480376,3,20.0,手机app用户的第15次闪电借款
1400.0,50.0,121481752,3,20.0,手机app用户的第2次闪电借款
1500.0,50.0,121485616,3,20.0,pdu6****74732第6次借款
2609.0,50.0,121486658,3,20.0,pdu5****85082第13次借款
4500.0,50.0,121487732,3,20.0,手机app用户的借款
1647.0,50.0,121490771,3,20.0,手机app用户的第13次闪电借款
896.0,50.0,121491367,3,20.0,pdu2****76453第11次借款
4800.0,50.0,121491528,3,20.0,手机app用户的借款
1661.0,50.0,121494028,3,20.0,手机app用户的第15次闪电借款
3000.0,100.0,121495313,3,20.0,pdu6****05040第18次借款
938.0,50.0,121495380,3,20.0,pdu1****52770第4次借款
5646.0,50.0,121496270,3,20.0,pdu3****27733第2次借款
4500.0,50.0,121498025,3,20.0,pdu6****27252第16次借款
7020.0,50.0,121500392,3,20.0,pdu8****24757第4次借款
2600.0,50.0,121503275,3,20.0,pdu3****72052第4次借款
3200.0,50.0,121505031,3,20.0,pdu1****18338第18次借款
1500.0,50.0,121506616,3,20.0,手机app用户的借款
4200.0,50.0,121507230,3,20.0,手机app用户的第6次闪电借款
641.0,50.0,121509968,3,20.0,手机app用户的第5次闪电借款
2427.0,50.0,121514001,3,20.0,pdu5****38312第11次借款
10000.0,50.0,121581556,3,20.0,手机app用户的第4次闪电借款
560.0,50.0,121603563,3,20.0,手机app用户的第11次闪电借款
10000.0,50.0,121605430,3,20.0,手机app用户的借款
1500.0,50.0,121605570,3,20.0,手机app用户的第4次闪电借款
3401.0,100.0,121606240,3,20.0,pdu7****88873第11次借款
760.0,50.0,121606344,3,20.0,手机app用户的借款
1800.0,50.0,121606394,3,20.0,pdu4****60244第14次借款
4041.0,50.0,121606441,3,20.0,pdu0****53036第6次借款
10000.0,100.0,121606486,3,20.0,手机app用户的借款
2000.0,50.0,121606787,3,20.0,手机app用户的第15次闪电借款
9000.0,50.0,121607523,3,20.0,手机app用户的第2次闪电借款
4608.0,50.0,121608103,3,20.0,pdu5****366第13次借款
6445.0,150.0,121608872,3,20.0,pdu2****62853第9次借款
1000.0,50.0,121608920,3,20.0,手机app用户的第5次闪电借款
3000.0,50.0,121610916,3,20.0,pdu4****88364第6次借款
8641.0,50.0,121611281,3,20.0,手机app用户的第2次闪电借款
4800.0,50.0,121613154,3,20.0,手机app用户的第8次闪电借款
2395.0,50.0,121660828,3,20.0,手机app用户的第3次闪电借款
1819.0,50.0,121680139,3,20.0,手机app用户的借款
2180.0,50.0,121713553,3,20.0,手机app用户的第17次闪电借款
5093.0,50.0,121716630,3,20.0,pdu7****01203第9次借款
3844.0,50.0,121719633,3,20.0,pdu5****86811第2次借款
3000.0,50.0,121721186,3,20.0,手机app用户的借款
10000.0,50.0,121727301,3,20.0,pdu3****31317第6次借款
3000.0,50.0,121728099,3,20.0,手机app用户的第3次闪电借款
3922.0,50.0,121731635,3,20.0,手机app用户的第6次闪电借款
2829.0,50.0,121732738,3,20.0,pdu2****35772第6次借款
6000.0,50.0,121733366,3,20.0,手机app用户的第9次闪电借款
3138.0,50.0,121739322,3,20.0,手机app用户的借款
4000.0,50.0,121743883,3,20.0,手机app用户的第9次闪电借款
6506.0,50.0,121743897,3,20.0,手机app用户的第8次闪电借款
3500.0,50.0,121745411,3,20.0,手机app用户的借款
1500.0,50.0,121746026,3,20.0,手机app用户的第10次闪电借款
2600.0,50.0,121747431,3,20.0,pdu8****75071第5次借款
7327.0,50.0,121749047,3,20.0,手机app用户的借款
2634.0,50.0,121755661,3,20.0,pdu2****85563第5次借款
8600.0,50.0,121757665,3,20.0,手机app用户的第8次闪电借款
6602.0,50.0,121761485,3,20.0,手机app用户的借款
3000.0,50.0,121761577,3,20.0,pdu7****14650第8次借款
2744.0,50.0,121763640,3,20.0,pdu8****14324第6次借款
2805.0,50.0,121774914,3,20.0,手机app用户的第4次闪电借款
3169.0,50.0,121867257,3,20.0,pdu0****27723第4次借款
11036.0,50.0,121872453,3,20.0,pdu1****00178第11次借款
2000.0,50.0,121874328,3,20.0,手机app用户的第11次闪电借款
10403.0,50.0,121888766,3,20.0,手机app用户的借款
3997.0,50.0,121894778,3,20.0,pdu2****54026第7次借款
3000.0,50.0,121901358,3,20.0,pdu5****44837第11次借款
4500.0,50.0,121907786,3,20.0,手机app用户的第7次闪电借款
10080.0,50.0,121933515,3,20.0,手机app用户的借款
8119.0,50.0,121982887,3,20.0,pdu4****55288第4次借款
6668.0,50.0,122017519,3,20.0,手机app用户的第10次闪电借款
5628.0,50.0,122032181,3,20.0,pdu7****70731第6次借款
2000.0,50.0,122042540,3,20.0,手机app用户的第6次闪电借款
4631.0,50.0,122059254,3,20.0,pdu4****27865第7次借款
2744.0,50.0,122096721,3,20.0,pdu4****42874第13次借款
10000.0,50.0,122099221,3,20.0,手机app用户的第12次闪电借款
6229.0,50.0,122112395,3,20.0,pdu7****63847第12次借款
5000.0,50.0,122117674,3,20.0,pdu5****77867第17次借款
12000.0,50.0,122125952,3,20.0,手机app用户的借款
10000.0,50.0,122137018,3,20.0,手机app用户的借款
10900.0,50.0,122138640,3,20.0,手机app用户的借款
6806.0,50.0,122140788,3,20.0,pdu1****77840第4次借款
4000.0,50.0,122142506,3,20.0,pdu7****74353第5次借款
1500.0,50.0,122161431,3,20.0,pdu3****71635第7次借款
5260.0,50.0,122165260,3,20.0,pdu6****64543第8次借款
3611.0,50.0,122165755,3,20.0,pdu4****80436第5次借款
10000.0,50.0,122189367,3,20.0,手机app用户的第12次闪电借款
10000.0,50.0,122198420,3,20.0,手机app用户的借款
8247.0,50.0,122203412,3,20.0,pdu6****53328第26次借款
3133.0,50.0,122203826,3,20.0,pdu6****05121第12次借款
4000.0,50.0,122207007,3,20.0,手机app用户的第10次闪电借款
5000.0,50.0,122232805,3,20.0,pdu7****70627第14次借款
7091.0,50.0,122261088,3,20.0,pdu6****40624第17次借款
4000.0,50.0,122271371,3,20.0,pdu6****15053第14次借款
5293.0,50.0,122294838,3,20.0,pdu4****648第15次借款
1018.0,50.0,122302245,3,20.0,手机app用户的第14次闪电借款
4400.0,50.0,122304438,3,20.0,pdu4****67428第12次借款
5000.0,50.0,122320675,3,20.0,pdu5****77867第18次借款
6807.0,50.0,122324966,3,20.0,手机app用户的借款
5000.0,50.0,122330469,3,20.0,pdu2****47366第17次借款
5577.0,50.0,122335254,3,20.0,手机app用户的第6次闪电借款
2264.0,50.0,122337318,3,20.0,手机app用户的借款
6964.0,50.0,122338230,3,20.0,手机app用户的借款
1698.0,50.0,122343448,3,20.0,pdu6****400第12次借款
9600.0,50.0,122347531,3,20.0,pdu5****82474第4次借款
1000.0,50.0,122356500,3,20.0,手机app用户的第12次闪电借款
4784.0,50.0,122356545,3,20.0,pdu5****13331第14次借款
5603.0,50.0,122359307,3,20.0,手机app用户的第13次闪电借款
11833.0,50.0,122359471,3,20.0,手机app用户的第4次闪电借款
1941.0,50.0,122368580,3,20.0,pdu4****31810第4次借款
4719.0,50.0,122382910,3,20.0,pdu0****11641第7次借款
3150.0,50.0,122383140,3,20.0,pdu4****15362第7次借款
2429.0,50.0,122385362,3,20.0,pdu6****61052第11次借款
7027.0,50.0,122385914,3,20.0,pdu1****75866第6次借款
1462.0,50.0,122386159,3,20.0,pdu7****56202第6次借款
4347.0,50.0,122459498,3,20.0,手机app用户的借款
2908.0,50.0,122461496,3,20.0,pdu3****77001第15次借款
5950.0,50.0,122469687,3,20.0,手机app用户的第5次闪电借款
10000.0,50.0,122473652,3,20.0,手机app用户的借款
7742.0,50.0,122481815,3,20.0,pdu5****62421第11次借款
6000.0,50.0,122486221,3,20.0,手机app用户的借款
11077.0,50.0,122488578,3,20.0,pdu6****41815第5次借款
4196.0,50.0,122494470,3,20.0,手机app用户的第6次闪电借款
1866.0,50.0,122498213,3,20.0,pdu5****17434第9次借款
4602.0,50.0,122498974,3,20.0,手机app用户的第4次闪电借款
3909.0,50.0,122499903,3,20.0,手机app用户的借款
10418.0,50.0,122503182,3,20.0,手机app用户的借款
3000.0,50.0,122581347,3,20.0,pdu3****78546第8次借款
5248.0,50.0,122588560,3,20.0,pdu2****800第27次借款
10000.0,50.0,122589768,3,20.0,pdu4****001第6次借款
3000.0,50.0,122593734,3,20.0,手机app用户的借款
3900.0,50.0,122609649,3,20.0,手机app用户的第13次闪电借款
8000.0,50.0,122616835,3,20.0,pdu5****55666第11次借款
7600.0,50.0,122628902,3,20.0,pdu6****88133第13次借款
600.0,50.0,122663631,3,20.0,pdu8****83380第8次借款
4000.0,50.0,122718373,3,20.0,手机app用户的第6次闪电借款
4300.0,50.0,122731209,3,20.0,pdu5****25344第6次借款
1400.0,50.0,122753505,3,20.0,手机app用户的第9次闪电借款
3527.0,50.0,122755409,3,20.0,pdu6****81570第10次借款
4800.0,50.0,122768999,3,20.0,pdu2****51410第10次借款
4212.0,50.0,122771814,3,20.0,pdu6****57251第13次借款
797.0,50.0,122777591,3,20.0,pdu2****68351第4次借款
1372.0,50.0,122778295,3,20.0,手机app用户的借款
900.0,50.0,122780951,3,20.0,pdu7****04437第7次借款
500.0,50.0,122781156,3,20.0,pdu3****82674第10次借款
5000.0,50.0,122784837,3,20.0,pdu4****13881第7次借款
1569.0,50.0,122786123,3,20.0,pdu7****40473第14次借款
2863.0,50.0,122815327,3,20.0,pdu3****08587第8次借款
1773.0,50.0,122821864,3,20.0,pdu3****86782第18次借款
3600.0,50.0,122836964,3,20.0,pdu2****60234第17次借款
3903.0,50.0,122852911,3,20.0,pdu1****35075第14次借款
886.0,50.0,122866266,3,20.0,pdu4****01440第9次借款
3166.0,50.0,122880587,3,20.0,pdu5****48626第7次借款
2700.0,50.0,122881646,3,20.0,pdu5****51218第11次借款
2796.0,50.0,122889763,3,20.0,pdu2****07163第10次借款
1629.0,50.0,122890203,3,20.0,pdu7****15371第11次借款
3000.0,50.0,122917735,3,20.0,手机app用户的第20次闪电借款
6368.0,50.0,122925822,3,20.0,pdu3****30484第13次借款
3839.0,50.0,122931649,3,20.0,pdu0****48454第4次借款
975.0,50.0,122935959,3,20.0,pdu5****58030第11次借款
3011.0,50.0,122937655,3,20.0,pdu0****37528第29次借款
2000.0,50.0,122944512,3,20.0,手机app用户的第12次闪电借款
1539.0,50.0,122967394,3,20.0,手机app用户的借款
2000.0,50.0,122976211,3,20.0,pdu2****33631第4次借款
5800.0,50.0,122982337,3,20.0,手机app用户的第14次闪电借款
6500.0,50.0,122987348,3,20.0,pdu0****28225第13次借款
3200.0,50.0,122996369,3,20.0,手机app用户的第7次闪电借款
2000.0,50.0,123000010,3,20.0,手机app用户的借款
2000.0,50.0,123010197,3,20.0,手机app用户的第12次闪电借款
5350.0,50.0,123010405,3,20.0,pdu1****40127第18次借款
3320.0,50.0,123020551,3,20.0,手机app用户的第6次闪电借款
29000.0,50.0,123225442,3,20.0,pdu1****81164第13次借款
2483.0,50.0,123310756,3,20.0,pdu8****60262第15次借款
3832.0,50.0,123312154,3,20.0,pdu2****86218第13次借款
1382.0,50.0,123314012,3,20.0,pdu7****30007第11次借款
1662.0,50.0,123372249,3,20.0,pdu5****52334第7次借款
3000.0,50.0,123381080,3,20.0,pdu3****68663第5次借款
2600.0,50.0,123385803,3,20.0,pdu8****45527第14次借款
12000.0,50.0,123392229,3,20.0,pdu4****025第12次借款
2400.0,50.0,123400381,3,20.0,pdu0****83014第8次借款
2000.0,50.0,123400844,3,20.0,手机app用户的第5次闪电借款
1700.0,50.0,123403101,3,20.0,pdu1****32571第14次借款
1490.0,50.0,123410407,3,20.0,pdu7****10474第11次借款
1900.0,13.0,123421204,3,20.0,pdu1****17618第13次借款
7761.0,50.0,123421441,3,20.0,pdu4****87226第19次借款
1500.0,50.0,123425295,3,20.0,pdu7****21310第7次借款
18000.0,52.0,123485610,6,10.5,手机app用户的第1次闪电借款
3900.0,50.0,123487633,3,20.0,pdu1****46175第5次借款
1081.0,50.0,123497554,3,20.0,pdu7****13501第10次借款
1000.0,50.0,123507986,3,20.0,pdu1****18067第12次借款
5600.0,50.0,123513766,3,20.0,pdu5****40080第11次借款
5875.0,50.0,123520383,3,20.0,pdu0****30817第19次借款
10000.0,50.0,123520966,3,20.0,pdu0****81858第11次借款
1000.0,52.0,123526688,6,10.5,手机app用户的第1次闪电借款
3700.0,50.0,123535874,3,20.0,pdu4****31671第13次借款
16800.0,52.0,123537500,6,10.5,手机app用户的第1次闪电借款
6000.0,52.0,123537506,6,10.5,手机app用户的第1次闪电借款
5000.0,50.0,123539301,6,10.5,手机app用户的第8次闪电借款
12000.0,52.0,123539323,6,10.5,手机app用户的第1次闪电借款
5999.0,50.0,123539633,3,20.0,手机app用户的第12次闪电借款
5785.0,52.0,123541010,6,10.5,手机app用户的第24次闪电借款
7500.0,50.0,123542750,6,10.5,手机app用户的第13次闪电借款
3500.0,52.0,123543668,6,10.5,手机app用户的第3次闪电借款
3685.0,50.0,123544249,6,10.5,手机app用户的第8次闪电借款
3000.0,50.0,123544592,6,10.5,手机app用户的第16次闪电借款
3060.0,50.0,123545130,6,10.5,手机app用户的第9次闪电借款
6902.0,52.0,123545745,6,10.5,手机app用户的借款
3818.0,50.0,123545811,6,10.5,手机app用户的第8次闪电借款
2000.0,50.0,123546305,6,10.5,手机app用户的借款
2045.0,50.0,123546333,3,20.0,手机app用户的借款
3709.0,50.0,123546604,6,10.5,手机app用户的第23次闪电借款
1468.0,50.0,123546925,6,10.5,手机app用户的第22次闪电借款
2646.0,50.0,123547833,6,10.5,手机app用户的第10次闪电借款
1825.0,50.0,123548049,6,10.5,手机app用户的第9次闪电借款
4221.0,50.0,123548497,6,10.5,手机app用户的第17次闪电借款
3000.0,52.0,123548552,6,10.5,手机app用户的第1次闪电借款
2023.0,50.0,123548784,6,10.5,手机app用户的第17次闪电借款
1335.0,50.0,123548952,6,10.5,手机app用户的借款
1902.0,50.0,123549983,6,10.5,手机app用户的借款
1917.0,50.0,123550615,6,10.5,手机app用户的第16次闪电借款
1679.0,50.0,123550802,6,10.5,手机app用户的第10次闪电借款
1344.0,50.0,123551533,6,10.5,手机app用户的借款
1392.0,52.0,123551707,6,10.5,手机app用户的第6次闪电借款
1430.0,50.0,123551719,6,10.5,手机app用户的借款
5321.0,52.0,123551975,6,10.5,手机app用户的第5次闪电借款
1000.0,50.0,123552201,3,20.0,pdu8****31358第5次借款
3000.0,52.0,123552840,6,10.5,手机app用户的第3次闪电借款
1919.0,50.0,123553945,6,10.5,手机app用户的借款
3500.0,52.0,123554396,6,10.5,手机app用户的第1次闪电借款
1500.0,50.0,123555100,6,10.5,手机app用户的借款
764.0,52.0,123556802,6,10.5,手机app用户的第5次闪电借款
2840.0,50.0,123557452,6,10.5,手机app用户的第16次闪电借款
1650.0,50.0,123557588,6,10.5,手机app用户的借款
4252.0,50.0,123557971,6,10.5,手机app用户的借款
2399.0,52.0,123558262,6,10.5,手机app用户的借款
2000.0,52.0,123558487,6,10.5,手机app用户的第1次闪电借款
1000.0,50.0,123559827,6,10.5,手机app用户的第7次闪电借款
5000.0,50.0,123559999,3,20.0,手机app用户的第15次闪电借款
538.0,50.0,123560120,6,10.5,手机app用户的第8次闪电借款
1150.0,50.0,123560321,6,10.5,手机app用户的第4次闪电借款
5989.0,50.0,123561562,6,10.5,手机app用户的借款
976.0,52.0,123562298,6,10.5,手机app用户的第5次闪电借款
800.0,50.0,123563121,6,10.5,手机app用户的借款
2500.0,50.0,123563413,3,20.0,pdu5****30131第16次借款
1027.0,50.0,123564009,6,10.5,手机app用户的借款
700.0,50.0,123564206,6,10.5,手机app用户的借款
2151.0,50.0,123564347,6,10.5,手机app用户的借款
2296.0,50.0,123564393,6,10.5,手机app用户的第8次闪电借款
1245.0,50.0,123565029,6,10.5,手机app用户的借款
886.0,50.0,123565181,6,10.5,手机app用户的第4次闪电借款
1000.0,50.0,123565391,6,10.5,手机app用户的借款
1400.0,50.0,123565948,6,10.5,手机app用户的借款
1577.0,50.0,123566001,6,10.5,手机app用户的借款
1500.0,50.0,123566319,3,20.0,pdu5****26020第14次借款
3000.0,50.0,123566340,6,10.5,手机app用户的第9次闪电借款
569.0,50.0,123566405,6,10.5,手机app用户的第14次闪电借款
7071.0,50.0,123566707,6,10.5,手机app用户的借款
16840.0,50.0,123567260,6,10.5,手机app用户的借款
1412.0,50.0,123567313,6,10.5,手机app用户的借款
596.0,50.0,123567508,6,10.5,手机app用户的第7次闪电借款
2119.0,50.0,123567544,6,10.5,手机app用户的借款
1919.0,50.0,123567545,6,10.5,手机app用户的借款
2000.0,50.0,123567690,6,10.5,手机app用户的第14次闪电借款
1880.0,50.0,123567726,6,10.5,手机app用户的第10次闪电借款
1697.0,50.0,123567981,6,10.5,手机app用户的第16次闪电借款
2000.0,50.0,123567983,6,10.5,手机app用户的第15次闪电借款
2591.0,50.0,123568024,6,10.5,手机app用户的第10次闪电借款
700.0,50.0,123569176,6,10.5,手机app用户的第9次闪电借款
2068.0,50.0,123569435,6,10.5,手机app用户的第7次闪电借款
1055.0,50.0,123569884,6,10.5,手机app用户的借款
1124.0,50.0,123570203,6,10.5,手机app用户的第16次闪电借款
1234.0,50.0,123570396,6,10.5,手机app用户的借款
9273.0,50.0,123570846,6,10.5,手机app用户的第7次闪电借款
1159.0,52.0,123571497,6,10.5,手机app用户的第5次闪电借款
3546.0,50.0,123571696,6,10.5,手机app用户的借款
4099.0,50.0,123571890,6,10.5,手机app用户的第14次闪电借款
1388.0,50.0,123571904,6,10.5,手机app用户的借款
537.0,52.0,123572234,6,10.5,手机app用户的第5次闪电借款
1030.0,50.0,123572366,6,10.5,手机app用户的第20次闪电借款
1930.0,50.0,123572589,6,10.5,手机app用户的第16次闪电借款
1745.0,50.0,123572808,6,10.5,手机app用户的第14次闪电借款
3000.0,50.0,123575420,6,10.5,手机app用户的第12次闪电借款
6500.0,52.0,123575807,6,10.5,手机app用户的第1次闪电借款
713.0,50.0,123576138,6,10.5,手机app用户的借款
737.0,50.0,123576166,6,10.5,手机app用户的借款
900.0,50.0,123576589,6,10.5,手机app用户的借款
1098.0,52.0,123577326,6,10.5,手机app用户的借款
1435.0,50.0,123577768,6,10.5,手机app用户的第25次闪电借款
4265.0,52.0,123578199,6,10.5,手机app用户的借款
800.0,52.0,123578259,6,10.5,手机app用户的第1次闪电借款
1354.0,50.0,123578262,6,10.5,手机app用户的第17次闪电借款
2953.0,50.0,123579508,6,10.5,手机app用户的借款
3794.0,50.0,123580012,6,10.5,手机app用户的第10次闪电借款
14100.0,52.0,123580199,6,10.5,手机app用户的借款
1803.0,50.0,123580256,6,10.5,手机app用户的借款
1500.0,52.0,123580557,6,10.5,手机app用户的第1次闪电借款
4000.0,50.0,123580664,6,10.5,手机app用户的借款
3100.0,50.0,123581443,6,10.5,手机app用户的借款
4000.0,50.0,123581874,6,10.5,手机app用户的第7次闪电借款
1128.0,52.0,123582151,6,10.5,手机app用户的第4次闪电借款
950.0,52.0,123582305,6,10.5,手机app用户的第6次闪电借款
9741.0,50.0,123582945,6,10.5,手机app用户的借款
1400.0,52.0,123583696,6,10.5,手机app用户的第1次闪电借款
2000.0,50.0,123583749,6,10.5,手机app用户的借款
1433.0,50.0,123584492,6,10.5,手机app用户的第7次闪电借款
800.0,50.0,123586616,6,10.5,手机app用户的第14次闪电借款
800.0,52.0,123587410,6,10.5,手机app用户的借款
941.0,52.0,123588073,6,10.5,手机app用户的第25次闪电借款
3000.0,52.0,123589713,6,10.5,手机app用户的借款
1970.0,52.0,123590357,6,10.5,手机app用户的第9次闪电借款
1169.0,52.0,123590483,6,10.5,手机app用户的借款
680.0,52.0,123590651,6,10.5,手机app用户的第7次闪电借款
3000.0,52.0,123591351,6,10.5,手机app用户的第11次闪电借款
2094.0,52.0,123591722,6,10.5,手机app用户的借款
10800.0,52.0,123592771,6,10.5,手机app用户的借款
5500.0,52.0,123593501,6,10.5,手机app用户的借款
4637.0,50.0,123593625,6,10.5,手机app用户的借款
971.0,52.0,123593727,6,10.5,手机app用户的第22次闪电借款
1058.0,52.0,123594555,6,10.5,手机app用户的借款
700.0,52.0,123594834,6,10.5,手机app用户的借款
2712.0,52.0,123595619,6,10.5,手机app用户的第17次闪电借款
1504.0,52.0,123597580,6,10.5,手机app用户的第7次闪电借款
7000.0,52.0,123598142,6,10.5,手机app用户的第1次闪电借款
14169.0,52.0,123598506,6,10.5,手机app用户的借款
1560.0,52.0,123599043,6,10.5,手机app用户的第15次闪电借款
1309.0,52.0,123599411,6,10.5,手机app用户的第11次闪电借款
2671.0,52.0,123599557,6,10.5,手机app用户的借款
1316.0,52.0,123600352,6,10.5,手机app用户的第5次闪电借款
3605.0,52.0,123601116,6,10.5,手机app用户的第16次闪电借款
1200.0,52.0,123601769,6,10.5,手机app用户的借款
3555.0,52.0,123602051,6,10.5,手机app用户的借款
2000.0,52.0,123602099,6,10.5,手机app用户的第24次闪电借款
900.0,52.0,123602678,6,10.5,手机app用户的第16次闪电借款
3172.0,52.0,123603921,6,10.5,手机app用户的第17次闪电借款
6000.0,52.0,123604291,6,10.5,手机app用户的第3次闪电借款
7500.0,50.0,123604299,6,10.5,手机app用户的第8次闪电借款
1800.0,52.0,123604710,6,10.5,手机app用户的第18次闪电借款
1900.0,52.0,123605869,6,10.5,手机app用户的第4次闪电借款
5500.0,52.0,123607292,6,10.5,手机app用户的第18次闪电借款
950.0,52.0,123607414,6,10.5,手机app用户的借款
1200.0,52.0,123607552,6,10.5,手机app用户的第1次闪电借款
1180.0,52.0,123607987,6,10.5,手机app用户的借款
10362.0,50.0,123608165,6,10.5,手机app用户的借款
3250.0,52.0,123609366,6,10.5,手机app用户的第4次闪电借款
1380.0,52.0,123609557,6,10.5,手机app用户的借款
1172.0,52.0,123609969,6,10.5,手机app用户的第7次闪电借款
1700.0,52.0,123610157,6,10.5,手机app用户的借款
12000.0,52.0,123610339,6,10.5,手机app用户的第1次闪电借款
2005.0,52.0,123611383,6,10.5,手机app用户的第18次闪电借款
1293.0,52.0,123612921,6,10.5,手机app用户的第18次闪电借款
1619.0,52.0,123613014,6,10.5,手机app用户的借款
6110.0,50.0,123613593,6,10.5,手机app用户的借款
2183.0,52.0,123614065,6,10.5,手机app用户的第3次闪电借款
955.0,52.0,123614259,6,10.5,手机app用户的第18次闪电借款
2352.0,52.0,123614338,6,10.5,手机app用户的第7次闪电借款
4000.0,52.0,123614429,6,10.5,手机app用户的借款
2310.0,52.0,123614847,6,10.5,手机app用户的第22次闪电借款
2089.0,52.0,123614866,6,10.5,手机app用户的第22次闪电借款
6286.0,50.0,123615024,6,10.5,手机app用户的借款
3779.0,52.0,123615209,6,10.5,手机app用户的借款
1545.0,52.0,123615246,6,10.5,手机app用户的第14次闪电借款
3000.0,52.0,123615247,6,10.5,手机app用户的借款
5633.0,52.0,123615364,6,10.5,手机app用户的第7次闪电借款
900.0,52.0,123615657,6,10.5,手机app用户的第9次闪电借款
4338.0,50.0,123616369,6,10.5,手机app用户的借款
750.0,52.0,123616494,6,10.5,手机app用户的第1次闪电借款
2341.0,52.0,123616884,6,10.5,手机app用户的借款
12286.0,52.0,123617174,6,10.5,手机app用户的借款
2000.0,52.0,123617528,6,10.5,手机app用户的第16次闪电借款
1000.0,52.0,123617816,6,10.5,手机app用户的第7次闪电借款
1949.0,52.0,123618424,6,10.5,手机app用户的第31次闪电借款
1424.0,52.0,123618454,6,10.5,手机app用户的第11次闪电借款
735.0,52.0,123618803,6,10.5,手机app用户的借款
3681.0,52.0,123619108,6,10.5,手机app用户的借款
1653.0,52.0,123619196,6,10.5,手机app用户的借款
4900.0,52.0,123619581,6,10.5,手机app用户的借款
902.0,52.0,123619642,6,10.5,手机app用户的借款
5000.0,52.0,123620108,6,10.5,手机app用户的借款
5995.0,52.0,123620115,6,10.5,手机app用户的借款
3033.0,52.0,123620569,6,10.5,手机app用户的借款
6226.0,52.0,123620644,6,10.5,手机app用户的借款
1202.0,52.0,123620913,6,10.5,手机app用户的借款
2656.0,52.0,123621088,6,10.5,手机app用户的第17次闪电借款
1200.0,52.0,123621622,6,10.5,手机app用户的第9次闪电借款
1067.0,817.0,123621886,6,10.5,手机app用户的借款
4000.0,52.0,123621987,6,10.5,手机app用户的第24次闪电借款
5000.0,52.0,123621999,6,10.5,手机app用户的第3次闪电借款
15401.0,52.0,123622218,6,10.5,手机app用户的第10次闪电借款
2200.0,52.0,123622297,6,10.5,手机app用户的借款
3597.0,52.0,123622385,6,10.5,手机app用户的第18次闪电借款
1480.0,52.0,123622562,6,10.5,手机app用户的第6次闪电借款
1400.0,52.0,123622583,6,10.5,手机app用户的借款
608.0,52.0,123622740,6,10.5,手机app用户的第5次闪电借款
5011.0,52.0,123622882,6,10.5,手机app用户的借款
2173.0,50.0,123623133,6,10.5,手机app用户的第8次闪电借款
3305.0,52.0,123623198,6,10.5,手机app用户的第6次闪电借款
2811.0,52.0,123623477,6,10.5,手机app用户的第15次闪电借款
1871.0,52.0,123623832,6,10.5,手机app用户的第9次闪电借款
1562.0,50.0,123623875,6,10.5,手机app用户的第12次闪电借款
2720.0,52.0,123624129,6,10.5,手机app用户的借款
1400.0,52.0,123624314,6,10.5,手机app用户的借款
3726.0,52.0,123624643,6,10.5,手机app用户的第5次闪电借款
2652.0,52.0,123625429,6,10.5,手机app用户的借款
2751.0,52.0,123625476,6,10.5,手机app用户的借款
1521.0,52.0,123625520,6,10.5,手机app用户的第11次闪电借款
7046.0,52.0,123625525,6,10.5,手机app用户的借款
6000.0,52.0,123625651,6,10.5,手机app用户的第1次闪电借款
8298.0,52.0,123626223,6,10.5,手机app用户的借款
2078.0,52.0,123626246,6,10.5,手机app用户的借款
4398.0,52.0,123626989,6,10.5,手机app用户的借款
2500.0,52.0,123627123,6,10.5,手机app用户的借款
2155.0,52.0,123627636,6,10.5,手机app用户的第9次闪电借款
1798.0,52.0,123627755,6,10.5,手机app用户的第30次闪电借款
9600.0,52.0,123628080,6,10.5,手机app用户的借款
3702.0,52.0,123628085,6,10.5,手机app用户的第17次闪电借款
1400.0,52.0,123628354,6,10.5,手机app用户的第9次闪电借款
800.0,52.0,123629202,6,10.5,手机app用户的借款
3536.0,52.0,123629326,6,10.5,手机app用户的借款
4500.0,52.0,123630262,6,10.5,手机app用户的第3次闪电借款
1000.0,800.0,123630467,6,10.5,手机app用户的第18次闪电借款
5000.0,52.0,123630514,6,10.5,手机app用户的第10次闪电借款
4876.0,50.0,123630804,6,10.5,手机app用户的借款
4533.0,52.0,123631199,6,10.5,手机app用户的借款
2979.0,52.0,123631844,6,10.5,手机app用户的借款
851.0,651.0,123632082,6,10.5,手机app用户的第6次闪电借款
3973.0,52.0,123632320,6,10.5,手机app用户的借款
10000.0,50.0,123632426,6,10.5,手机app用户的借款
2000.0,52.0,123634189,6,10.5,手机app用户的第8次闪电借款
1500.0,52.0,123634659,6,10.5,手机app用户的借款
2864.0,52.0,123635091,6,10.5,手机app用户的第7次闪电借款
2600.0,52.0,123635133,6,10.5,手机app用户的第2次闪电借款
4400.0,52.0,123635815,6,10.5,手机app用户的借款
6039.0,52.0,123636222,6,10.5,手机app用户的借款
5220.0,52.0,123636538,6,10.5,手机app用户的第6次闪电借款
1575.0,50.0,123636542,3,20.0,pdu2****44681第16次借款
3280.0,52.0,123637418,6,10.5,手机app用户的第17次闪电借款
6900.0,50.0,123637649,3,20.0,pdu5****82727第9次借款
8783.0,52.0,123638094,6,10.5,手机app用户的借款
3000.0,52.0,123638113,6,10.5,手机app用户的借款
3400.0,50.0,123638304,6,10.5,手机app用户的借款
719.0,50.0,123638780,6,10.5,手机app用户的第21次闪电借款
934.0,52.0,123639065,6,10.5,手机app用户的借款
1900.0,52.0,123639082,6,10.5,手机app用户的第7次闪电借款
540.0,52.0,123639285,6,10.5,手机app用户的第2次闪电借款
1823.0,52.0,123639472,6,10.5,手机app用户的第11次闪电借款
5442.0,50.0,123640262,3,20.0,pdu7****73463第9次借款
12000.0,52.0,123640450,6,10.5,手机app用户的借款
4142.0,52.0,123641023,6,10.5,手机app用户的借款
3000.0,52.0,123641079,6,10.5,手机app用户的借款
1030.0,52.0,123642464,6,10.5,手机app用户的借款
4400.0,52.0,123642547,6,10.5,手机app用户的第1次闪电借款
1279.0,52.0,123643343,6,10.5,手机app用户的借款
3900.0,52.0,123643505,6,10.5,手机app用户的第1次闪电借款
4288.0,52.0,123643668,6,10.5,手机app用户的第23次闪电借款
2715.0,52.0,123643722,6,10.5,手机app用户的第18次闪电借款
4482.0,52.0,123643761,6,10.5,手机app用户的借款
13340.0,52.0,123643866,6,10.5,手机app用户的第2次闪电借款
1522.0,52.0,123644255,6,10.5,手机app用户的第2次闪电借款
1130.0,52.0,123644467,6,10.5,手机app用户的第8次闪电借款
3000.0,52.0,123645084,6,10.5,手机app用户的第9次闪电借款
2517.0,52.0,123645127,6,10.5,手机app用户的借款
5320.0,52.0,123645191,6,10.5,手机app用户的第14次闪电借款
5430.0,52.0,123645230,6,10.5,手机app用户的借款
1700.0,50.0,123645565,6,10.5,手机app用户的第19次闪电借款
3902.0,52.0,123646822,6,10.5,手机app用户的借款
1103.0,52.0,123647110,6,10.5,手机app用户的借款
4000.0,52.0,123647316,6,10.5,手机app用户的第9次闪电借款
3208.0,52.0,123647764,6,10.5,手机app用户的第27次闪电借款
1214.0,52.0,123648250,6,10.5,手机app用户的第13次闪电借款
5500.0,52.0,123648690,6,10.5,手机app用户的第1次闪电借款
1600.0,52.0,123648699,6,10.5,手机app用户的第7次闪电借款
2000.0,52.0,123649392,6,10.5,手机app用户的借款
5486.0,52.0,123650090,6,10.5,手机app用户的借款
4000.0,52.0,123650402,6,10.5,手机app用户的第1次闪电借款
5000.0,50.0,123651063,3,20.0,pdu7****86725第21次借款
3849.0,52.0,123651219,6,10.5,手机app用户的第15次闪电借款
2802.0,52.0,123652025,6,10.5,手机app用户的第3次闪电借款
1317.0,52.0,123652505,6,10.5,手机app用户的借款
3157.0,52.0,123652640,6,10.5,手机app用户的借款
2446.0,52.0,123653068,6,10.5,手机app用户的第12次闪电借款
2328.0,52.0,123654826,6,10.5,手机app用户的第20次闪电借款
3571.0,52.0,123655518,6,10.5,手机app用户的借款
5517.0,52.0,123655606,6,10.5,手机app用户的第9次闪电借款
3021.0,52.0,123655652,6,10.5,手机app用户的借款
1300.0,52.0,123655756,6,10.5,手机app用户的第9次闪电借款
710.0,510.0,123655897,6,10.5,手机app用户的第17次闪电借款
5210.0,52.0,123656693,6,10.5,手机app用户的第5次闪电借款
12963.0,50.0,123656988,6,10.5,手机app用户的借款
2754.0,52.0,123656991,6,10.5,手机app用户的借款
2500.0,52.0,123657851,6,10.5,手机app用户的第1次闪电借款
800.0,650.0,123657941,6,10.5,手机app用户的借款
6386.0,52.0,123657950,6,10.5,手机app用户的借款
547.0,52.0,123658020,6,10.5,手机app用户的第7次闪电借款
1603.0,50.0,123658163,3,20.0,手机app用户的借款
1666.0,52.0,123658307,6,10.5,手机app用户的借款
1327.0,52.0,123658366,6,10.5,手机app用户的第8次闪电借款
14525.0,52.0,123658632,6,10.5,手机app用户的借款
3869.0,52.0,123658975,6,10.5,手机app用户的第23次闪电借款
2600.0,52.0,123659127,6,10.5,手机app用户的第1次闪电借款
1900.0,50.0,123659721,3,20.0,手机app用户的第12次闪电借款
7930.0,52.0,123659816,6,10.5,手机app用户的借款
2300.0,52.0,123660193,6,10.5,手机app用户的借款
4492.0,50.0,123660276,6,10.5,手机app用户的借款
5200.0,50.0,123661906,6,10.5,手机app用户的借款
1932.0,52.0,123662001,6,10.5,手机app用户的借款
2900.0,50.0,123662648,6,10.5,手机app用户的借款
4500.0,52.0,123662949,6,10.5,手机app用户的第1次闪电借款
700.0,500.0,123663666,6,10.5,手机app用户的第7次闪电借款
9000.0,52.0,123664221,6,10.5,手机app用户的第7次闪电借款
1000.0,50.0,123664576,3,20.0,pdu5****02525第8次借款
4500.0,50.0,123665654,3,20.0,pdu0****33666第12次借款
4886.0,50.0,123665712,3,20.0,pdu1****27030第12次借款
3000.0,52.0,123665744,6,10.5,手机app用户的借款
2284.0,50.0,123666421,3,20.0,pdu8****66100第5次借款
1694.0,52.0,123666713,6,10.5,手机app用户的借款
3162.0,52.0,123666816,6,10.5,手机app用户的第6次闪电借款
2016.0,52.0,123668011,6,10.5,手机app用户的借款
7984.0,52.0,123668295,6,10.5,手机app用户的借款
1736.0,50.0,123670337,6,10.5,手机app用户的借款
6596.0,52.0,123671272,6,10.5,手机app用户的借款
1224.0,52.0,123671598,6,10.5,手机app用户的第23次闪电借款
1500.0,52.0,123672137,6,10.5,手机app用户的第1次闪电借款
5261.0,52.0,123672492,6,10.5,手机app用户的借款
1888.0,52.0,123672582,6,10.5,手机app用户的第8次闪电借款
3162.0,52.0,123672648,6,10.5,手机app用户的借款
1039.0,50.0,123673812,3,20.0,pdu7****83276第5次借款
5000.0,52.0,123675041,6,10.5,手机app用户的第3次闪电借款
2062.0,52.0,123675456,6,10.5,手机app用户的第16次闪电借款
9500.0,52.0,123676963,6,10.5,手机app用户的第14次闪电借款
1100.0,52.0,123677174,6,10.5,手机app用户的第9次闪电借款
1764.0,52.0,123677614,6,10.5,手机app用户的借款
1300.0,52.0,123677680,6,10.5,手机app用户的借款
2506.0,52.0,123677829,6,10.5,手机app用户的第10次闪电借款
3965.0,52.0,123677965,6,10.5,手机app用户的第22次闪电借款
1267.0,52.0,123678341,6,10.5,手机app用户的借款
2178.0,52.0,123678567,6,10.5,手机app用户的借款
1033.0,52.0,123678683,6,10.5,手机app用户的第9次闪电借款
3759.0,52.0,123679250,6,10.5,手机app用户的借款
2997.0,52.0,123679317,6,10.5,手机app用户的借款
1000.0,52.0,123679456,6,10.5,手机app用户的借款
4800.0,52.0,123679533,6,10.5,手机app用户的第1次闪电借款
3000.0,52.0,123679573,6,10.5,手机app用户的第1次闪电借款
1500.0,52.0,123680337,6,10.5,手机app用户的借款
3811.0,52.0,123680894,6,10.5,手机app用户的借款
5821.0,52.0,123681504,6,10.5,手机app用户的第9次闪电借款
2783.0,52.0,123682055,6,10.5,手机app用户的借款
1700.0,52.0,123682516,6,10.5,手机app用户的借款
19000.0,52.0,123683132,6,10.5,手机app用户的借款
1800.0,52.0,123683272,6,10.5,手机app用户的第1次闪电借款
5152.0,52.0,123684244,6,10.5,手机app用户的借款
4637.0,50.0,123684278,6,10.5,手机app用户的借款
1180.0,52.0,123684379,6,10.5,手机app用户的第11次闪电借款
2530.0,52.0,123685167,6,10.5,手机app用户的借款
7200.0,52.0,123686594,6,10.5,手机app用户的第1次闪电借款
7054.0,52.0,123687051,6,10.5,手机app用户的借款
715.0,52.0,123688299,6,10.5,手机app用户的借款
1062.0,50.0,123688768,6,10.5,手机app用户的第19次闪电借款
2104.0,52.0,123689147,6,10.5,手机app用户的第5次闪电借款
5500.0,52.0,123689253,6,10.5,手机app用户的第1次闪电借款
4299.0,50.0,123689393,6,10.5,手机app用户的借款
663.0,305.0,123690838,6,10.5,手机app用户的第7次闪电借款
9300.0,52.0,123691127,6,10.5,手机app用户的第11次闪电借款
2254.0,52.0,123691326,6,10.5,手机app用户的第6次闪电借款
3281.0,52.0,123691628,6,10.5,手机app用户的第9次闪电借款
5744.0,52.0,123691753,6,10.5,手机app用户的借款
3485.0,52.0,123692076,6,10.5,手机app用户的借款
8957.0,52.0,123692358,6,10.5,手机app用户的借款
6596.0,52.0,123692845,6,10.5,手机app用户的第10次闪电借款
1800.0,52.0,123693835,6,10.5,手机app用户的借款
502.0,52.0,123693988,6,10.5,手机app用户的第14次闪电借款
1280.0,52.0,123694053,6,10.5,手机app用户的第6次闪电借款
756.0,606.0,123694210,6,10.5,手机app用户的第11次闪电借款
5000.0,52.0,123695533,6,10.5,手机app用户的第1次闪电借款
3128.0,52.0,123695629,6,10.5,手机app用户的借款
7509.0,52.0,123695750,6,10.5,手机app用户的第4次闪电借款
5000.0,52.0,123695961,6,10.5,手机app用户的第1次闪电借款
2500.0,52.0,123696260,6,10.5,手机app用户的第1次闪电借款
1090.0,940.0,123696650,6,10.5,手机app用户的借款
1178.0,52.0,123696699,6,10.5,手机app用户的借款
5038.0,52.0,123696998,6,10.5,手机app用户的借款
1000.0,52.0,123697164,6,10.5,手机app用户的第1次闪电借款
4604.0,52.0,123697605,6,10.5,手机app用户的借款
2700.0,52.0,123697934,6,10.5,手机app用户的借款
3500.0,52.0,123698361,6,10.5,手机app用户的第1次闪电借款
1700.0,52.0,123698790,6,10.5,手机app用户的第10次闪电借款
3846.0,52.0,123699569,6,10.5,手机app用户的第19次闪电借款
2397.0,52.0,123699608,6,10.5,手机app用户的第6次闪电借款
10000.0,50.0,123725579,3,20.0,pdu5****27238第4次借款
4900.0,50.0,123747642,3,20.0,pdu0****40487第15次借款
1000.0,50.0,123752124,3,20.0,手机app用户的第15次闪电借款
9000.0,50.0,123753165,3,20.0,手机app用户的借款
2300.0,50.0,123762339,3,20.0,手机app用户的第11次闪电借款
2622.0,50.0,123762650,3,20.0,pdu6****04267第11次借款
4225.0,50.0,123775824,3,20.0,手机app用户的第13次闪电借款
3348.0,50.0,123779497,3,20.0,pdu4****08271第13次借款
1136.0,50.0,123781759,3,20.0,pdu3****86782第19次借款
8852.0,50.0,123782970,3,20.0,手机app用户的第15次闪电借款
3348.0,50.0,123784481,3,20.0,pdu4****08271第14次借款
2400.0,50.0,123789436,3,20.0,手机app用户的第11次闪电借款
4000.0,50.0,123800424,3,20.0,pdu5****24358第15次借款
846.0,50.0,123828361,3,20.0,pdu1****26410第6次借款
3311.0,50.0,123848981,3,20.0,pdu2****73571第12次借款
2941.0,50.0,123853776,3,20.0,pdu4****82584第5次借款
4482.0,50.0,123853814,3,20.0,pdu6****43021第7次借款
3877.0,37.0,123854215,3,20.0,pdu5****80343第5次借款
10000.0,50.0,123856125,3,20.0,手机app用户的第12次闪电借款
900.0,50.0,123858155,3,20.0,pdu4****30016第5次借款
5000.0,50.0,123862179,3,20.0,pdu3****53204第11次借款
1336.0,50.0,123862626,3,20.0,pdu3****57245第11次借款
5015.0,50.0,123866375,3,20.0,pdu7****80634第10次借款
1301.0,50.0,123867986,3,20.0,手机app用户的第13次闪电借款
2000.0,50.0,123868090,3,20.0,手机app用户的第5次闪电借款
2400.0,50.0,123879114,3,20.0,pdu7****64343第12次借款
1500.0,50.0,123889356,3,20.0,手机app用户的第18次闪电借款
1161.0,50.0,123900093,3,20.0,pdu3****63404第7次借款
1300.0,50.0,123902019,3,20.0,手机app用户的第5次闪电借款
4593.0,50.0,123907271,3,20.0,手机app用户的第7次闪电借款
1000.0,50.0,123908322,3,20.0,手机app用户的第29次闪电借款
1693.0,50.0,123909771,3,20.0,手机app用户的第22次闪电借款
4000.0,50.0,123913347,3,20.0,手机app用户的借款
6843.0,50.0,123915986,3,20.0,手机app用户的第12次闪电借款
4000.0,50.0,123919021,3,20.0,pdu8****74458第11次借款
2000.0,50.0,123922252,3,20.0,pdu1****44653第8次借款
5000.0,50.0,123922315,3,20.0,手机app用户的第15次闪电借款
10654.0,50.0,123928085,3,20.0,pdu4****54568第6次借款
548.0,50.0,123933768,3,20.0,pdu5****84266第4次借款
5639.0,50.0,123949664,3,20.0,手机app用户的第20次闪电借款
3800.0,50.0,123953976,3,20.0,pdu6****11076第13次借款
1603.0,50.0,123965166,3,20.0,pdu5****51448第12次借款
5081.0,50.0,123965892,3,20.0,pdu4****50245第8次借款
9735.0,50.0,123968073,3,20.0,pdu1****66368第6次借款
3850.0,50.0,123972975,3,20.0,pdu4****64508第6次借款
2000.0,50.0,123974961,3,20.0,手机app用户的第5次闪电借款
4757.0,50.0,123975094,3,20.0,手机app用户的借款
2039.0,50.0,123975339,3,20.0,pdu6****06713第21次借款
3000.0,50.0,123980790,3,20.0,手机app用户的第5次闪电借款
4221.0,50.0,123983564,3,20.0,pdu4****43828第13次借款
1700.0,50.0,123989942,3,20.0,pdu1****21723第19次借款
5000.0,50.0,123994467,3,20.0,pdu8****16176第7次借款
1076.0,50.0,123998100,3,20.0,pdu2****68262第13次借款
2127.0,50.0,123998748,3,20.0,手机app用户的第15次闪电借款
1788.0,50.0,124010123,3,20.0,pdu1****05752第26次借款
539.0,50.0,124010810,3,20.0,手机app用户的第6次闪电借款
1000.0,50.0,124026087,3,20.0,手机app用户的第16次闪电借款
921.0,50.0,124026236,3,20.0,pdu8****21862第6次借款
500.0,50.0,124035541,3,20.0,pdu8****80365第12次借款
3636.0,50.0,124054479,3,20.0,pdu7****07048第19次借款
815.0,50.0,124060089,3,20.0,pdu4****18481第4次借款
2500.0,50.0,124060681,3,20.0,pdu7****31016第4次借款
861.0,50.0,124067099,3,20.0,手机app用户的借款
3272.0,50.0,124070593,3,20.0,pdu3****71683第4次借款
6500.0,50.0,124086313,3,20.0,pdu0****21766第14次借款
1083.0,50.0,124092224,3,20.0,手机app用户的第4次闪电借款
3100.0,50.0,124092862,3,20.0,pdu8****07542第11次借款
4000.0,50.0,124093031,3,20.0,pdu5****71758第19次借款
5000.0,50.0,124097641,3,20.0,pdu6****48527第6次借款
1666.0,50.0,124098467,3,20.0,pdu2****07014第14次借款
3217.0,50.0,124099628,3,20.0,pdu1****71202第9次借款
12000.0,50.0,124100354,3,20.0,手机app用户的第23次闪电借款
1900.0,50.0,124101601,3,20.0,手机app用户的第5次闪电借款
6500.0,50.0,124104959,3,20.0,pdu4****72162第19次借款
4000.0,50.0,124110342,3,20.0,手机app用户的第13次闪电借款
6806.0,50.0,124110416,3,20.0,pdu4****57407第27次借款
5000.0,50.0,124111846,3,20.0,pdu7****31268第19次借款
728.0,50.0,124127019,3,20.0,pdu1****13460第4次借款
3553.0,50.0,124143964,3,20.0,pdu6****86668第9次借款
5019.0,50.0,124152016,3,20.0,pdu1****12800第14次借款
4117.0,50.0,124152441,3,20.0,pdu0****67864第20次借款
6000.0,50.0,124155696,3,20.0,手机app用户的借款
2000.0,50.0,124169873,3,20.0,手机app用户的借款
10370.0,50.0,124178769,3,20.0,pdu5****14401第11次借款
8000.0,50.0,124181687,3,20.0,pdu0****86216第16次借款
1173.0,50.0,124190227,3,20.0,pdu5****03862第4次借款
5422.0,50.0,124193278,3,20.0,pdu2****43670第14次借款
6800.0,50.0,124199428,3,20.0,手机app用户的第4次闪电借款
2692.0,50.0,124203911,3,20.0,pdu7****56670第13次借款
5000.0,50.0,124207172,3,20.0,pdu3****55002第14次借款
5067.0,50.0,124210085,3,20.0,pdu7****855第26次借款
1000.0,50.0,124213389,3,20.0,pdu5****80226第12次借款
2166.0,50.0,124213796,3,20.0,pdu3****01042第4次借款
1500.0,50.0,124219970,3,20.0,pdu3****31844第11次借款
6848.0,50.0,124220504,3,20.0,pdu7****04567第10次借款
9894.0,50.0,124226131,3,20.0,pdu4****03705第10次借款
6000.0,50.0,124229504,3,20.0,手机app用户的第11次闪电借款
3932.0,50.0,124240451,3,20.0,手机app用户的借款
1248.0,50.0,124242689,3,20.0,pdu0****70722第7次借款
4700.0,50.0,124244350,3,20.0,手机app用户的第10次闪电借款
2900.0,50.0,124246131,3,20.0,pdu6****82528第15次借款
1000.0,50.0,124247771,3,20.0,手机app用户的第8次闪电借款
4000.0,50.0,124253619,3,20.0,手机app用户的借款
2000.0,50.0,124253672,3,20.0,手机app用户的第4次闪电借款
646.0,50.0,124285686,3,20.0,pdu0****35054第6次借款
5000.0,50.0,124292938,3,20.0,pdu4****13881第8次借款
1160.0,50.0,124296126,3,20.0,手机app用户的第4次闪电借款
3100.0,50.0,124297654,3,20.0,手机app用户的借款
5200.0,3699.0,124301007,6,10.5,手机app用户的第9次闪电借款
4000.0,50.0,124302082,3,20.0,pdu8****82380第11次借款
7504.0,6653.0,124306319,6,10.5,手机app用户的第1次闪电借款
1900.0,50.0,124317097,3,20.0,pdu6****82528第16次借款
5000.0,50.0,124318708,3,20.0,手机app用户的第11次闪电借款
2204.0,1904.0,124321114,6,10.5,手机app用户的第3次闪电借款
2488.0,1988.0,124328984,6,10.5,手机app用户的第16次闪电借款
510.0,50.0,124331521,3,20.0,手机app用户的第5次闪电借款
4300.0,50.0,124338941,3,20.0,pdu5****50050第8次借款
3276.0,2826.0,124339019,6,10.5,手机app用户的第6次闪电借款
6700.0,50.0,124344434,3,20.0,pdu1****255第9次借款
1058.0,500.0,124347176,6,10.5,手机app用户的借款
800.0,50.0,124351994,3,20.0,pdu2****88402第6次借款
1750.0,500.0,124356649,6,10.5,手机app用户的第2次闪电借款
922.0,50.0,124358391,3,20.0,pdu2****00502第13次借款
2000.0,800.0,124360085,6,10.5,手机app用户的借款
956.0,500.0,124366447,6,10.5,手机app用户的第12次闪电借款
1526.0,50.0,124368002,3,20.0,pdu2****00502第14次借款
5546.0,50.0,124370489,3,20.0,pdu5****782第22次借款
790.0,50.0,124376121,3,20.0,手机app用户的第22次闪电借款
1619.0,50.0,124379662,3,20.0,pdu2****00502第15次借款
4300.0,50.0,124408622,3,20.0,手机app用户的第12次闪电借款
1000.0,50.0,124414664,3,20.0,pdu2****87660第9次借款
2315.0,50.0,124423873,3,20.0,手机app用户的第10次闪电借款
2779.0,50.0,124436454,3,20.0,pdu7****01851第8次借款
4191.0,50.0,124442494,3,20.0,pdu1****63581第5次借款
7610.0,50.0,124442841,3,20.0,pdu5****33061第9次借款
8000.0,50.0,124443541,3,20.0,pdu5****77867第19次借款
2369.0,50.0,124444304,3,20.0,手机app用户的第11次闪电借款
3400.0,50.0,124444409,3,20.0,pdu0****38177第8次借款
2500.0,50.0,124444450,3,20.0,手机app用户的借款
3200.0,50.0,124445114,3,20.0,pdu5****510第11次借款
600.0,50.0,124453512,3,20.0,手机app用户的第9次闪电借款
4015.0,50.0,124458328,3,20.0,pdu4****48220第13次借款
3538.0,50.0,124458807,3,20.0,pdu2****800第28次借款
6487.0,50.0,124463896,3,20.0,pdu0****65688第11次借款
1815.0,50.0,124465159,3,20.0,pdu2****042第21次借款
1290.0,50.0,124465513,3,20.0,手机app用户的借款
1203.0,50.0,124468731,3,20.0,pdu4****61023第6次借款
1051.0,50.0,124470005,3,20.0,pdu6****72387第6次借款
3532.0,50.0,124470663,3,20.0,pdu3****25180第26次借款
500.0,50.0,124472131,3,20.0,手机app用户的第5次闪电借款
550.0,50.0,124473439,3,20.0,手机app用户的第9次闪电借款
5970.0,50.0,124478405,3,20.0,pdu1****25757第7次借款
2208.0,50.0,124479909,3,20.0,手机app用户的第4次闪电借款
674.0,50.0,124485195,3,20.0,pdu5****23581第7次借款
9000.0,50.0,124485441,3,20.0,手机app用户的第4次闪电借款
4142.0,50.0,124488188,3,20.0,pdu3****31543第10次借款
4250.0,50.0,124502726,3,20.0,pdu5****17530第6次借款
998.0,50.0,124523859,3,20.0,pdu1****33575第5次借款
1924.0,50.0,124525354,3,20.0,手机app用户的第7次闪电借款
2062.0,50.0,124532248,3,20.0,手机app用户的第4次闪电借款
10000.0,50.0,124532813,3,20.0,手机app用户的借款
2500.0,50.0,124534019,3,20.0,s****ili05第7次借款
3366.0,50.0,124537440,3,20.0,pdu8****71588第20次借款
2166.0,50.0,124538041,3,20.0,手机app用户的第5次闪电借款
6315.0,50.0,124539663,3,20.0,pdu2****84376第9次借款
1308.0,50.0,124543055,3,20.0,手机app用户的借款
3884.0,50.0,124543065,3,20.0,手机app用户的借款
975.0,50.0,124544718,3,20.0,pdu1****20434第11次借款
3418.0,50.0,124550626,3,20.0,pdu7****13801第6次借款
3969.0,50.0,124558015,3,20.0,pdu8****70580第13次借款
1318.0,50.0,124559643,3,20.0,pdu7****56202第7次借款
6000.0,50.0,124580848,3,20.0,pdu4****54803第14次借款
8839.0,50.0,124581502,3,20.0,pdu2****70537第13次借款
2000.0,50.0,124583337,3,20.0,pdu4****44081第10次借款
1587.0,50.0,124588534,3,20.0,手机app用户的第18次闪电借款
1100.0,50.0,124590149,3,20.0,pdu7****18632第10次借款
3100.0,50.0,124604967,3,20.0,pdu5****24358第16次借款
3800.0,50.0,124612028,3,20.0,手机app用户的第17次闪电借款
4900.0,50.0,124615667,3,20.0,手机app用户的第7次闪电借款
3000.0,50.0,124615976,3,20.0,手机app用户的第5次闪电借款
1616.0,50.0,124616837,3,20.0,手机app用户的第13次闪电借款
4888.0,52.0,124630670,6,20.0,pdu4****32167第8次借款
3387.0,50.0,124639073,3,20.0,pdu4****41043第11次借款
2290.0,50.0,124716128,3,20.0,手机app用户的第17次闪电借款
2141.0,50.0,124813816,3,20.0,手机app用户的第16次闪电借款
3522.0,50.0,124885588,3,20.0,手机app用户的第12次闪电借款
14639.0,50.0,124886775,3,20.0,pdu0****41231第9次借款
10000.0,50.0,124888501,6,20.0,pdu4****43820第11次借款
13765.0,50.0,124892332,3,20.0,pdu0****63264第20次借款
11500.0,50.0,124897419,6,20.0,手机app用户的借款
2756.0,50.0,124898247,3,20.0,手机app用户的第3次闪电借款
12000.0,50.0,124898314,6,20.0,手机app用户的借款
1000.0,50.0,124900103,3,20.0,手机app用户的第9次闪电借款
6000.0,50.0,124905992,6,20.0,手机app用户的借款
10000.0,50.0,124906480,3,20.0,手机app用户的借款
3000.0,50.0,124911329,3,20.0,手机app用户的第6次闪电借款
1681.0,50.0,124915648,6,20.0,手机app用户的第13次闪电借款
11782.0,50.0,124948173,6,20.0,手机app用户的第9次闪电借款
1593.0,50.0,124953737,6,20.0,手机app用户的第27次闪电借款
10751.0,50.0,124961544,6,20.0,手机app用户的借款
1875.0,50.0,124963114,6,20.0,手机app用户的第6次闪电借款
1450.0,50.0,124964207,6,20.0,pdu0****48642第15次借款
4800.0,50.0,124964390,6,20.0,手机app用户的第12次闪电借款
10154.0,50.0,124964477,6,20.0,pdu1****40322第18次借款
6823.0,50.0,124972559,6,20.0,手机app用户的第14次闪电借款
1454.0,50.0,124972658,6,20.0,手机app用户的第15次闪电借款
2694.0,50.0,124972792,6,20.0,手机app用户的第4次闪电借款
11152.0,50.0,124976537,6,20.0,手机app用户的借款
5000.0,50.0,124980540,6,20.0,手机app用户的借款
1500.0,50.0,124981150,6,20.0,手机app用户的借款
4601.0,50.0,124981215,6,20.0,手机app用户的第8次闪电借款
3500.0,40.0,124982673,6,20.0,手机app用户的借款
1500.0,50.0,124986019,3,20.0,手机app用户的第9次闪电借款
10800.0,50.0,124986456,6,20.0,手机app用户的借款
1500.0,50.0,124988211,3,20.0,手机app用户的第10次闪电借款
12000.0,50.0,124990258,6,20.0,手机app用户的第23次闪电借款
3000.0,50.0,124992801,3,20.0,手机app用户的第23次闪电借款
2750.0,50.0,124993566,6,20.0,pdu6****12701第15次借款
1166.0,50.0,124994846,3,20.0,手机app用户的第4次闪电借款
3294.0,50.0,124995427,3,20.0,手机app用户的第4次闪电借款
572.0,50.0,125003532,6,20.0,手机app用户的第5次闪电借款
5000.0,50.0,125004579,3,20.0,手机app用户的第11次闪电借款
1000.0,50.0,125009173,3,20.0,pdu6****35221第6次借款
8000.0,50.0,125013111,6,20.0,手机app用户的借款
1195.0,50.0,125021235,3,20.0,手机app用户的第4次闪电借款
560.0,50.0,125022241,3,20.0,手机app用户的第5次闪电借款
1896.0,50.0,125022930,6,20.0,手机app用户的第12次闪电借款
3200.0,50.0,125053819,6,20.0,手机app用户的第10次闪电借款
2500.0,50.0,125065477,6,20.0,手机app用户的第10次闪电借款
1000.0,50.0,125066182,6,20.0,pdu5****38768第8次借款
4400.0,50.0,125069109,6,20.0,手机app用户的第7次闪电借款
1812.0,50.0,125070924,6,20.0,手机app用户的第15次闪电借款
1000.0,50.0,125072859,3,20.0,手机app用户的第15次闪电借款
2700.0,50.0,125080602,3,20.0,手机app用户的第34次闪电借款
3400.0,50.0,125082592,6,20.0,pdu2****56736第16次借款
3100.0,50.0,125085578,3,20.0,手机app用户的第13次闪电借款
855.0,50.0,125091714,3,20.0,手机app用户的第14次闪电借款
800.0,50.0,125093749,6,20.0,pdu6****01576第14次借款
659.0,50.0,125108386,6,20.0,手机app用户的第13次闪电借款
540.0,50.0,125110180,3,20.0,手机app用户的第15次闪电借款
2900.0,50.0,125112422,3,20.0,手机app用户的第18次闪电借款
1877.0,50.0,125120896,6,20.0,手机app用户的第26次闪电借款
2743.0,50.0,125121322,6,20.0,手机app用户的第5次闪电借款
9000.0,50.0,125128053,6,20.0,手机app用户的第13次闪电借款
568.0,49.0,125129682,6,20.0,手机app用户的第7次闪电借款
2570.0,50.0,125135510,6,20.0,手机app用户的第10次闪电借款
1400.0,50.0,125156616,6,20.0,手机app用户的第6次闪电借款
900.0,50.0,125157131,6,20.0,手机app用户的借款
3188.0,50.0,125173961,6,20.0,手机app用户的第11次闪电借款
9508.0,50.0,125179091,6,20.0,手机app用户的第5次闪电借款
524.0,50.0,125183152,3,20.0,手机app用户的第3次闪电借款
921.0,50.0,125183957,3,20.0,手机app用户的第15次闪电借款
1500.0,50.0,125186045,6,20.0,手机app用户的第12次闪电借款
801.0,50.0,125186386,3,20.0,手机app用户的第15次闪电借款
2096.0,50.0,125187813,6,20.0,手机app用户的第2次闪电借款
3117.0,50.0,125191355,6,20.0,手机app用户的第23次闪电借款
9876.0,50.0,125195162,6,10.5,pdu7****88213第15次借款
5473.0,50.0,125196532,6,10.5,pdu4****376第7次借款
1000.0,50.0,125197176,6,20.0,手机app用户的第15次闪电借款
2934.0,50.0,125198547,6,20.0,手机app用户的第15次闪电借款
594.0,50.0,125205850,6,20.0,手机app用户的第9次闪电借款
2639.0,50.0,125207727,6,20.0,手机app用户的第6次闪电借款
1000.0,50.0,125213788,6,20.0,手机app用户的第15次闪电借款
12616.0,50.0,125214989,6,20.0,pdu4****77562第2次借款
5000.0,50.0,125215594,6,20.0,手机app用户的第20次闪电借款
1200.0,50.0,125215729,6,20.0,手机app用户的第14次闪电借款
2157.0,50.0,125217707,6,20.0,手机app用户的第34次闪电借款
1000.0,50.0,125219791,6,20.0,手机app用户的第20次闪电借款
5000.0,50.0,125223017,6,20.0,手机app用户的第16次闪电借款
19140.0,50.0,125224200,6,20.0,pdu3****86213第7次借款
1207.0,50.0,125225207,6,20.0,pdu1****13706第8次借款
3579.0,50.0,125231040,6,20.0,手机app用户的借款
1300.0,50.0,125238546,6,20.0,手机app用户的第15次闪电借款
2292.0,50.0,125241115,6,20.0,手机app用户的借款
5000.0,50.0,125241322,6,20.0,手机app用户的借款
3000.0,50.0,125242262,6,20.0,pdu3****21784第11次借款
575.0,50.0,125242880,6,20.0,手机app用户的第9次闪电借款
9790.0,50.0,125243078,6,20.0,手机app用户的借款
8714.0,50.0,125243630,6,20.0,手机app用户的第12次闪电借款
1300.0,50.0,125244752,6,20.0,手机app用户的借款
3000.0,50.0,125245409,6,20.0,手机app用户的借款
1689.0,50.0,125246725,6,20.0,手机app用户的第19次闪电借款
500.0,50.0,125247365,6,20.0,手机app用户的第8次闪电借款
1300.0,50.0,125248045,6,20.0,手机app用户的第21次闪电借款
3050.0,50.0,125248746,6,20.0,手机app用户的第18次闪电借款
600.0,50.0,125249023,6,20.0,pdu4****10347第15次借款
1500.0,50.0,125251000,6,20.0,pdu2****44180第15次借款
999.0,50.0,125254213,6,20.0,手机app用户的借款
1091.0,50.0,125257334,6,20.0,手机app用户的借款
2403.0,50.0,125269211,6,20.0,手机app用户的第15次闪电借款
875.0,50.0,125274110,6,20.0,手机app用户的第11次闪电借款
1500.0,50.0,125275031,6,20.0,手机app用户的第14次闪电借款
500.0,50.0,125277873,6,20.0,手机app用户的第13次闪电借款
3458.0,50.0,125279444,6,20.0,pdu6****30742第19次借款
1300.0,50.0,125282236,6,20.0,手机app用户的第15次闪电借款
1982.0,50.0,125283050,6,20.0,pdu3****58284第23次借款
2900.0,50.0,125288856,6,20.0,手机app用户的第13次闪电借款
4100.0,50.0,125289656,6,20.0,pdu7****27180第13次借款
874.0,50.0,125294480,6,20.0,手机app用户的第4次闪电借款
1908.0,50.0,125295884,6,20.0,pdu0****70714第17次借款
1654.0,50.0,125298457,6,20.0,手机app用户的第19次闪电借款
3000.0,50.0,125298762,6,20.0,手机app用户的第3次闪电借款
1512.0,50.0,125299490,6,20.0,手机app用户的第20次闪电借款
1500.0,50.0,125301782,6,20.0,手机app用户的借款
735.0,50.0,125301831,6,20.0,pdu7****77304第14次借款
4208.0,50.0,125306213,6,20.0,pdu5****58445第19次借款
790.0,50.0,125307868,6,20.0,手机app用户的第16次闪电借款
1331.0,50.0,125310040,6,20.0,pdu8****27374第14次借款
1500.0,50.0,125313756,6,20.0,pdu7****45241第9次借款
1792.0,50.0,125315641,6,20.0,pdu3****68346第10次借款
1000.0,50.0,125320153,6,20.0,手机app用户的第19次闪电借款
1770.0,50.0,125321081,6,20.0,手机app用户的第24次闪电借款
1652.0,50.0,125321416,6,20.0,手机app用户的第21次闪电借款
1720.0,50.0,125327713,6,20.0,手机app用户的借款
599.0,41.0,125329459,6,20.0,手机app用户的第2次闪电借款
7097.0,50.0,125332025,6,20.0,手机app用户的第15次闪电借款
1402.0,50.0,125334831,6,20.0,手机app用户的第10次闪电借款
4228.0,50.0,125337500,6,20.0,手机app用户的第21次闪电借款
2200.0,50.0,125338709,6,20.0,pdu2****00572第10次借款
580.0,50.0,125339365,6,20.0,手机app用户的第16次闪电借款
2860.0,50.0,125339395,6,20.0,手机app用户的第4次闪电借款
9000.0,50.0,125339460,6,20.0,pdu8****48656第12次借款
1380.0,50.0,125340763,6,20.0,手机app用户的第23次闪电借款
4199.0,50.0,125342433,6,20.0,手机app用户的借款
1181.0,50.0,125343698,6,20.0,手机app用户的第3次闪电借款
4003.0,50.0,125346990,6,20.0,手机app用户的借款
1651.0,50.0,125347478,6,20.0,手机app用户的第7次闪电借款
2000.0,50.0,125350496,6,20.0,手机app用户的第7次闪电借款
800.0,50.0,125350575,6,20.0,手机app用户的借款
1500.0,50.0,125351086,6,20.0,手机app用户的第18次闪电借款
7798.0,50.0,125351628,6,20.0,手机app用户的第19次闪电借款
876.0,50.0,125360327,6,20.0,手机app用户的借款
1194.0,50.0,125364335,6,20.0,手机app用户的第24次闪电借款
992.0,50.0,125366602,6,20.0,手机app用户的第6次闪电借款
922.0,50.0,125366793,6,20.0,手机app用户的第17次闪电借款
7200.0,50.0,125378518,6,20.0,手机app用户的第13次闪电借款
1700.0,50.0,125378671,6,20.0,手机app用户的第18次闪电借款
1800.0,50.0,125381272,6,20.0,手机app用户的借款
2000.0,50.0,125382668,6,20.0,手机app用户的第22次闪电借款
5500.0,50.0,125386146,6,20.0,pdu5****80866第11次借款
877.0,50.0,125387421,6,20.0,手机app用户的第13次闪电借款
3200.0,50.0,125389411,6,20.0,pdu8****245第11次借款
11643.0,50.0,125392194,6,20.0,手机app用户的借款
5000.0,50.0,125397584,6,20.0,手机app用户的第18次闪电借款
2899.0,50.0,125401432,6,20.0,pdu6****62267第11次借款
1436.0,50.0,125401443,6,20.0,手机app用户的第24次闪电借款
600.0,50.0,125404690,6,20.0,手机app用户的第11次闪电借款
25000.0,50.0,125407744,6,20.0,手机app用户的借款
673.0,50.0,125408438,6,20.0,手机app用户的第22次闪电借款
664.0,50.0,125409021,6,20.0,手机app用户的第23次闪电借款
10926.0,50.0,125413534,6,20.0,pdu2****32556第3次借款
3000.0,50.0,125415515,6,20.0,手机app用户的第9次闪电借款
2000.0,50.0,125415578,6,20.0,手机app用户的第4次闪电借款
2000.0,50.0,125415788,6,20.0,手机app用户的借款
1626.0,50.0,125418398,6,20.0,手机app用户的第11次闪电借款
1620.0,50.0,125420482,6,20.0,手机app用户的第2次闪电借款
1172.0,50.0,125420588,6,20.0,手机app用户的借款
1839.0,50.0,125427126,6,20.0,手机app用户的第9次闪电借款
2000.0,50.0,125430272,6,20.0,手机app用户的第9次闪电借款
2088.0,50.0,125430482,6,20.0,手机app用户的第23次闪电借款
977.0,50.0,125432181,6,20.0,手机app用户的第10次闪电借款
888.0,50.0,125436357,6,20.0,手机app用户的第16次闪电借款
3594.0,50.0,125440034,6,20.0,pdu6****00233第15次借款
630.0,50.0,125441747,6,20.0,手机app用户的第19次闪电借款
689.0,50.0,125444098,6,20.0,pdu5****17644第8次借款
1640.0,50.0,125444379,6,20.0,手机app用户的借款
1869.0,50.0,125445465,6,20.0,pdu7****35352第6次借款
700.0,50.0,125447036,6,20.0,手机app用户的第32次闪电借款
6000.0,50.0,125455732,6,20.0,手机app用户的借款
2902.0,50.0,125458606,6,20.0,pdu6****10438第2次借款
1000.0,50.0,125458834,6,20.0,手机app用户的第22次闪电借款
1700.0,50.0,125460869,6,20.0,r****677605第18次借款
1383.0,50.0,125461323,6,20.0,手机app用户的借款
1061.0,50.0,125462282,6,20.0,手机app用户的第4次闪电借款
4000.0,50.0,125462363,6,20.0,pdu2****52806第18次借款
4400.0,50.0,125462390,6,20.0,pdu6****32315第19次借款
15000.0,50.0,125462461,6,20.0,pdu0****84701第4次借款
2466.0,50.0,125463915,6,20.0,手机app用户的第23次闪电借款
2364.0,50.0,125464472,6,20.0,手机app用户的借款
1532.0,50.0,125464505,6,20.0,手机app用户的第40次闪电借款
14453.0,50.0,125466013,6,20.0,pdu8****83643第11次借款
2726.0,50.0,125467284,6,20.0,手机app用户的借款
6000.0,50.0,125470451,6,20.0,手机app用户的第14次闪电借款
3247.0,50.0,125471655,6,20.0,手机app用户的借款
6289.0,50.0,125472589,6,20.0,pdu0****08827第2次借款
876.0,50.0,125479408,6,20.0,手机app用户的第14次闪电借款
1203.0,50.0,125486924,6,20.0,手机app用户的第31次闪电借款
667.0,50.0,125489333,6,20.0,pdu2****73802第17次借款
2000.0,50.0,125491915,6,20.0,手机app用户的第62次闪电借款
584.0,50.0,125496004,6,20.0,手机app用户的第5次闪电借款
6100.0,50.0,125497187,6,20.0,pdu2****27685第9次借款
995.0,50.0,125497374,6,20.0,pdu2****462第9次借款
4063.0,50.0,125500180,6,20.0,手机app用户的第13次闪电借款
5000.0,50.0,125500946,6,20.0,pdu6****25124第6次借款
2547.0,50.0,125504105,6,20.0,pdu0****61113第23次借款
2090.0,50.0,125505350,6,20.0,pdu8****46473第12次借款
1713.0,50.0,125505439,6,20.0,手机app用户的第27次闪电借款
1477.0,50.0,125505482,6,20.0,手机app用户的第25次闪电借款
5670.0,50.0,125507130,6,20.0,手机app用户的借款
2433.0,50.0,125507640,6,20.0,手机app用户的第11次闪电借款
2221.0,50.0,125507989,6,20.0,手机app用户的借款
1889.0,50.0,125508201,6,20.0,手机app用户的借款
5000.0,50.0,125510783,6,20.0,pdu2****08583第15次借款
735.0,50.0,125510815,6,20.0,手机app用户的借款
3198.0,50.0,125511819,6,20.0,手机app用户的借款
15879.0,50.0,125515081,6,20.0,pdu1****64427第9次借款
2700.0,50.0,125515497,6,20.0,手机app用户的第13次闪电借款
1821.0,50.0,125519742,6,20.0,手机app用户的借款
1507.0,50.0,125519916,6,20.0,手机app用户的第13次闪电借款
534.0,50.0,125521503,6,20.0,手机app用户的第5次闪电借款
1993.0,50.0,125521646,6,20.0,手机app用户的第15次闪电借款
2000.0,50.0,125523866,6,20.0,手机app用户的借款
1289.0,50.0,125524018,6,20.0,pdu8****38074第13次借款
1371.0,50.0,125524029,6,20.0,pdu6****14641第17次借款
4885.0,50.0,125525118,6,20.0,pdu5****74280第23次借款
2521.0,50.0,125525780,6,20.0,手机app用户的第18次闪电借款
1100.0,50.0,125526901,6,20.0,手机app用户的借款
4983.0,50.0,125527301,6,20.0,pdu1****031第14次借款
2460.0,50.0,125527389,6,20.0,手机app用户的借款
2472.0,50.0,125528172,6,20.0,pdu1****74376第19次借款
500.0,50.0,125528392,6,20.0,手机app用户的第18次闪电借款
662.0,50.0,125529214,6,20.0,手机app用户的第13次闪电借款
500.0,50.0,125529613,6,20.0,手机app用户的第11次闪电借款
1371.0,50.0,125532361,6,20.0,手机app用户的第13次闪电借款
2888.0,50.0,125532493,6,20.0,pdu0****63362第7次借款
2000.0,50.0,125532787,6,20.0,手机app用户的借款
2732.0,50.0,125533469,6,20.0,pdu3****65403第25次借款
12000.0,50.0,125534233,6,20.0,手机app用户的第10次闪电借款
3000.0,50.0,125534355,6,20.0,手机app用户的第13次闪电借款
3319.0,50.0,125534919,6,20.0,手机app用户的第11次闪电借款
500.0,50.0,125535634,6,20.0,手机app用户的第2次闪电借款
3051.0,50.0,125538925,6,20.0,手机app用户的第12次闪电借款
2663.0,50.0,125541051,6,20.0,手机app用户的第8次闪电借款
1637.0,50.0,125543965,6,20.0,pdu2****01187第5次借款
2600.0,50.0,125553141,6,20.0,pdu2****35842第15次借款
3847.0,50.0,125553368,6,20.0,pdu5****01151第7次借款
6000.0,50.0,125555477,6,20.0,手机app用户的借款
1700.0,50.0,125558303,6,20.0,手机app用户的第4次闪电借款
3120.0,50.0,125563643,6,20.0,手机app用户的第16次闪电借款
1943.0,50.0,125565053,6,20.0,手机app用户的借款
34120.0,50.0,125565084,6,20.0,手机app用户的借款
1400.0,16.0,125566333,6,20.0,手机app用户的第19次闪电借款
1900.0,50.0,125568201,6,20.0,pdu0****31578第11次借款
3000.0,50.0,125568671,6,20.0,pdu8****21053第5次借款
1463.0,50.0,125570453,6,20.0,手机app用户的第7次闪电借款
6192.0,50.0,125574088,6,20.0,pdu0****882第6次借款
1226.0,50.0,125574913,6,20.0,手机app用户的第9次闪电借款
6000.0,50.0,125575014,6,20.0,手机app用户的第5次闪电借款
2708.0,50.0,125575582,6,20.0,手机app用户的第26次闪电借款
6884.0,50.0,125576628,6,20.0,手机app用户的借款
2000.0,50.0,125579399,6,20.0,手机app用户的第21次闪电借款
5000.0,50.0,125581093,6,20.0,手机app用户的借款
7348.0,50.0,125597163,6,20.0,pdu6****21111第14次借款
2520.0,50.0,125599808,6,20.0,手机app用户的第16次闪电借款
3480.0,50.0,125603237,6,20.0,手机app用户的借款
4743.0,50.0,125606185,6,20.0,pdu3****57565第8次借款
3937.0,50.0,125608190,6,20.0,pdu6****85043第7次借款
2236.0,50.0,125608453,6,20.0,pdu2****36677第13次借款
2128.0,50.0,125608466,6,20.0,pdu5****52800第17次借款
2000.0,50.0,125608584,6,20.0,pdu7****75131第7次借款
2509.0,50.0,125608846,6,20.0,a****078145第8次借款
4404.0,50.0,125609712,6,20.0,pdu0****40816第2次借款
10261.0,50.0,125611889,6,20.0,pdu0****73525第7次借款
3357.0,50.0,125613404,6,20.0,pdu8****13660第6次借款
3774.0,50.0,125617251,6,20.0,手机app用户的借款
2506.0,50.0,125618269,6,20.0,pdu7****05236第6次借款
8352.0,50.0,125618497,6,20.0,手机app用户的借款
2600.0,50.0,125646367,6,20.0,手机app用户的借款
1884.0,50.0,125671712,6,20.0,pdu1****53124第17次借款
4088.0,50.0,125673740,6,20.0,pdu0****61636第13次借款
7206.0,50.0,125675899,6,20.0,手机app用户的第4次闪电借款
1755.0,50.0,125681827,6,20.0,手机app用户的第8次闪电借款
2000.0,50.0,125682233,6,20.0,手机app用户的第11次闪电借款
2857.0,50.0,125684699,6,20.0,pdu5****70365第9次借款
4392.0,50.0,125684834,6,20.0,手机app用户的借款
2993.0,50.0,125686533,6,20.0,手机app用户的第8次闪电借款
1120.0,50.0,125686540,6,20.0,手机app用户的第9次闪电借款
3000.0,50.0,125690664,6,20.0,手机app用户的第20次闪电借款
5711.0,50.0,125692390,6,20.0,pdu4****88648第16次借款
6000.0,50.0,125693100,6,20.0,pdu5****56075第13次借款
2700.0,50.0,125693302,6,20.0,手机app用户的第12次闪电借款
3900.0,50.0,125693439,6,20.0,pdu8****80177第22次借款
1000.0,50.0,125694046,6,20.0,手机app用户的第10次闪电借款
4667.0,50.0,125694212,6,20.0,手机app用户的第17次闪电借款
1157.0,50.0,125694257,6,20.0,手机app用户的第10次闪电借款
3436.0,50.0,125694935,6,20.0,pdu0****65574第28次借款
1700.0,50.0,125695004,6,20.0,手机app用户的第6次闪电借款
7094.0,50.0,125695195,6,20.0,手机app用户的借款
1367.0,50.0,125695295,6,20.0,手机app用户的第5次闪电借款
7210.0,50.0,125695541,6,20.0,pdu2****71672第8次借款
4615.0,50.0,125696344,6,20.0,pdu2****06805第9次借款
2000.0,50.0,125697715,6,20.0,pdu8****83607第17次借款
1264.0,50.0,125697765,6,20.0,手机app用户的第14次闪电借款
6400.0,50.0,125698067,6,20.0,手机app用户的借款
9780.0,50.0,125698815,6,20.0,手机app用户的第7次闪电借款
3835.0,50.0,125699223,6,20.0,手机app用户的第22次闪电借款
3000.0,50.0,125699551,6,20.0,pdu2****65646第16次借款
5434.0,50.0,125699690,6,20.0,手机app用户的第12次闪电借款
11833.0,50.0,125700406,6,20.0,手机app用户的第11次闪电借款
3789.0,50.0,125701416,6,20.0,pdu8****15816第13次借款
600.0,50.0,125704030,6,20.0,手机app用户的第28次闪电借款
14484.0,50.0,125704466,6,20.0,pdu7****01472第7次借款
1377.0,50.0,125704706,6,20.0,手机app用户的借款
3760.0,50.0,125706369,6,20.0,手机app用户的第32次闪电借款
540.0,14.0,125706400,6,20.0,手机app用户的第12次闪电借款
2518.0,50.0,125706836,6,20.0,pdu4****464第16次借款
727.0,50.0,125707482,6,20.0,手机app用户的借款
1280.0,50.0,125708126,6,20.0,手机app用户的第6次闪电借款
3000.0,50.0,125708883,6,20.0,pdu2****53576第16次借款
842.0,50.0,125709293,6,20.0,pdu4****02847第11次借款
3957.0,50.0,125709709,6,20.0,pdu0****73466第7次借款
2034.0,50.0,125709797,6,20.0,pdu3****68522第10次借款
2910.0,50.0,125710973,6,20.0,pdu8****98901第4次借款
1500.0,50.0,125711159,6,20.0,pdu4****86115第12次借款
1400.0,50.0,125711832,6,20.0,手机app用户的借款
1513.0,50.0,125712222,6,20.0,手机app用户的第4次闪电借款
1188.0,50.0,125713378,6,20.0,手机app用户的第7次闪电借款
7344.0,50.0,125713772,6,20.0,pdu8****70582第22次借款
8112.0,50.0,125714075,6,20.0,手机app用户的第16次闪电借款
6000.0,50.0,125714932,6,20.0,pdu2****02707第8次借款
6748.0,50.0,125715483,6,20.0,手机app用户的借款
2457.0,50.0,125715809,6,20.0,手机app用户的借款
2400.0,50.0,125716159,6,20.0,pdu6****33088第21次借款
5232.0,50.0,125716282,6,20.0,手机app用户的借款
1500.0,50.0,125716321,6,20.0,手机app用户的第15次闪电借款
8849.0,50.0,125716404,6,20.0,手机app用户的借款
3702.0,50.0,125716465,6,20.0,pdu8****78846第9次借款
3322.0,50.0,125718697,6,20.0,手机app用户的借款
3014.0,50.0,125722879,6,20.0,pdu6****50230第19次借款
2200.0,50.0,125725262,6,20.0,手机app用户的第4次闪电借款
2388.0,50.0,125725779,6,20.0,pdu7****68701第6次借款
4288.0,50.0,125728059,6,20.0,pdu8****88322第17次借款
668.0,50.0,125729935,6,20.0,手机app用户的第17次闪电借款
2728.0,50.0,125735733,6,20.0,手机app用户的借款
1591.0,50.0,125736707,6,20.0,pdu5****57282第20次借款
10300.0,50.0,125738771,6,20.0,pdu7****38632第11次借款
4200.0,50.0,125740228,6,20.0,pdu7****07211第15次借款
2451.0,50.0,125742995,6,20.0,pdu2****18088第13次借款
609.0,50.0,125743104,6,20.0,手机app用户的第7次闪电借款
2481.0,50.0,125745142,6,20.0,pdu8****62755第21次借款
2287.0,50.0,125746480,6,20.0,pdu8****52128第17次借款
3000.0,50.0,125748272,6,20.0,手机app用户的第23次闪电借款
673.0,35.0,125751673,6,20.0,pdu2****03338第15次借款
1000.0,50.0,125751810,6,20.0,pdu6****40243第3次借款
2000.0,50.0,125752009,6,20.0,手机app用户的第10次闪电借款
2500.0,50.0,125753290,6,20.0,手机app用户的第22次闪电借款
3006.0,50.0,125753355,6,20.0,pdu5****62248第11次借款
2450.0,50.0,125774066,6,20.0,手机app用户的第10次闪电借款
4000.0,50.0,125774490,6,20.0,pdu6****76254第18次借款
2579.0,50.0,125774803,6,20.0,手机app用户的借款
2411.0,50.0,125775070,6,20.0,手机app用户的第25次闪电借款
2318.0,50.0,125775079,6,20.0,手机app用户的第9次闪电借款
520.0,50.0,125775351,6,20.0,手机app用户的第9次闪电借款
500.0,50.0,125775389,6,20.0,手机app用户的第13次闪电借款
3128.0,50.0,125775750,6,20.0,手机app用户的借款
1253.0,50.0,125775936,6,20.0,手机app用户的借款
8000.0,50.0,125776179,6,20.0,pdu5****77867第20次借款
1103.0,50.0,125776436,6,20.0,手机app用户的第6次闪电借款
1700.0,50.0,125776440,6,20.0,手机app用户的第11次闪电借款
3400.0,50.0,125776653,6,20.0,手机app用户的借款
3000.0,50.0,125776911,6,20.0,手机app用户的第18次闪电借款
4000.0,50.0,125776917,6,20.0,手机app用户的借款
1400.0,50.0,125777083,6,20.0,pdu5****27752第25次借款
2100.0,50.0,125777565,6,20.0,手机app用户的借款
4549.0,50.0,125777685,6,20.0,手机app用户的借款
4485.0,50.0,125777836,6,20.0,pdu7****60720第10次借款
801.0,50.0,125778449,6,20.0,pdu1****81855第10次借款
1321.0,50.0,125779642,6,20.0,pdu7****66387第16次借款
6936.0,50.0,125780645,6,20.0,手机app用户的第6次闪电借款
1000.0,50.0,125781661,6,20.0,手机app用户的第12次闪电借款
3000.0,50.0,125782387,6,20.0,手机app用户的第7次闪电借款
2450.0,50.0,125783111,6,20.0,pdu6****35626第8次借款
898.0,50.0,125783392,6,20.0,手机app用户的第11次闪电借款
2932.0,50.0,125784809,6,20.0,手机app用户的借款
1732.0,50.0,125785090,6,20.0,pdu3****28208第17次借款
5000.0,50.0,125785996,6,20.0,手机app用户的借款
3246.0,50.0,125787351,6,20.0,pdu0****58604第22次借款
3900.0,50.0,125788691,6,20.0,pdu3****87577第15次借款
1900.0,50.0,125788828,6,20.0,pdu2****62760第16次借款
3031.0,50.0,125789884,6,20.0,手机app用户的第11次闪电借款
4617.0,50.0,125790494,6,20.0,手机app用户的第10次闪电借款
1550.0,50.0,125790911,6,20.0,手机app用户的借款
3199.0,50.0,125791277,6,20.0,手机app用户的第15次闪电借款
3554.0,50.0,125792630,6,20.0,手机app用户的借款
3000.0,50.0,125793083,6,20.0,pdu5****02525第10次借款
911.0,50.0,125793447,6,20.0,手机app用户的第15次闪电借款
943.0,50.0,125793891,6,20.0,手机app用户的第17次闪电借款
1688.0,50.0,125795463,6,20.0,手机app用户的第14次闪电借款
3400.0,50.0,125795579,6,20.0,手机app用户的第20次闪电借款
4766.0,50.0,125796591,6,20.0,pdu0****441第21次借款
1900.0,50.0,125796977,6,20.0,pdu1****585第8次借款
4862.0,50.0,125797753,6,20.0,pdu8****06117第12次借款
4500.0,50.0,125798095,6,20.0,手机app用户的借款
8903.0,50.0,125798365,6,20.0,pdu6****666第7次借款
7220.0,50.0,125799725,6,20.0,pdu7****70611第10次借款
3700.0,50.0,125800655,6,20.0,pdu5****15450第20次借款
1625.0,50.0,125801400,6,20.0,手机app用户的第24次闪电借款
6811.0,50.0,125803449,6,20.0,pdu1****14741第10次借款
730.0,50.0,125805130,6,20.0,手机app用户的第8次闪电借款
1502.0,50.0,125805688,6,20.0,手机app用户的第12次闪电借款
4460.0,50.0,125806417,6,20.0,pdu1****40127第19次借款
6330.0,50.0,125806573,6,20.0,pdu5****03831第18次借款
1500.0,50.0,125806745,6,20.0,手机app用户的第15次闪电借款
1737.0,50.0,125809420,6,20.0,手机app用户的第25次闪电借款
6823.0,50.0,125810028,6,20.0,手机app用户的第16次闪电借款
1868.0,50.0,125810804,6,20.0,手机app用户的第14次闪电借款
4090.0,50.0,125812554,6,20.0,pdu3****06885第11次借款
6828.0,50.0,125812951,6,20.0,pdu5****05204第19次借款
3450.0,50.0,125813124,6,20.0,pdu8****27114第11次借款
2018.0,50.0,125813582,6,20.0,手机app用户的借款
3185.0,50.0,125816349,6,20.0,pdu8****45631第23次借款
3686.0,50.0,125823694,6,20.0,手机app用户的第7次闪电借款
2153.0,50.0,125824565,6,20.0,手机app用户的第6次闪电借款
1400.0,50.0,125825334,6,20.0,手机app用户的借款
3074.0,50.0,125825355,6,20.0,pdu3****44644第20次借款
2138.0,50.0,125825941,6,20.0,pdu2****28835第5次借款
500.0,50.0,125827089,6,20.0,z****第8次借款
1500.0,50.0,125829105,6,20.0,手机app用户的第18次闪电借款
1373.0,50.0,125831388,6,20.0,手机app用户的借款
1028.0,50.0,125839062,6,20.0,pdu1****05608第12次借款
1425.0,50.0,125839698,6,20.0,pdu6****78858第8次借款
1141.0,11.0,125853762,6,20.0,手机app用户的第9次闪电借款
3000.0,50.0,125856798,6,20.0,手机app用户的第11次闪电借款
2000.0,50.0,125857462,6,20.0,手机app用户的第18次闪电借款
2595.0,50.0,125857738,6,20.0,手机app用户的第22次闪电借款
3000.0,50.0,125871491,6,20.0,pdu0****26648第27次借款
900.0,50.0,125890751,6,20.0,手机app用户的第20次闪电借款
955.0,50.0,125891902,6,20.0,pdu2****366第11次借款
500.0,50.0,125893423,6,20.0,手机app用户的第17次闪电借款
620.0,50.0,125893673,6,20.0,pdu5****78336第9次借款
1500.0,50.0,125971864,6,20.0,pdu0****78214第9次借款
3764.0,50.0,125975368,6,20.0,pdu6****42637第8次借款
746.0,12.0,125979520,6,20.0,pdu1****43632第3次借款
1500.0,50.0,125983680,6,20.0,手机app用户的第9次闪电借款
550.0,50.0,125992623,6,20.0,手机app用户的第12次闪电借款
4380.0,50.0,125995511,6,20.0,手机app用户的借款
1268.0,50.0,126002250,6,20.0,pdu2****36234第17次借款
1667.0,50.0,126003091,6,20.0,手机app用户的借款
2246.0,50.0,126003310,6,20.0,pdu5****85082第16次借款
4352.0,50.0,126003703,6,20.0,手机app用户的借款
2000.0,50.0,126003947,6,20.0,手机app用户的借款
3400.0,50.0,126004116,6,20.0,pdu3****53204第12次借款
1079.0,50.0,126004206,6,20.0,手机app用户的第19次闪电借款
4757.0,50.0,126004666,6,20.0,pdu7****13205第7次借款
4208.0,50.0,126004744,6,20.0,手机app用户的借款
7200.0,50.0,126004829,6,20.0,手机app用户的借款
1660.0,50.0,126005308,6,20.0,手机app用户的第24次闪电借款
2500.0,50.0,126007228,6,20.0,手机app用户的第15次闪电借款
2419.0,50.0,126007630,6,20.0,手机app用户的借款
1600.0,50.0,126008039,6,20.0,手机app用户的借款
3369.0,50.0,126008339,6,20.0,手机app用户的借款
1465.0,50.0,126008631,6,20.0,手机app用户的借款
1263.0,50.0,126008767,6,20.0,手机app用户的第33次闪电借款
1586.0,50.0,126009029,6,20.0,手机app用户的第22次闪电借款
1717.0,50.0,126010086,6,20.0,手机app用户的第17次闪电借款
3690.0,50.0,126010412,6,20.0,手机app用户的借款
6673.0,50.0,126010579,6,20.0,手机app用户的借款
2500.0,50.0,126012068,6,20.0,pdu4****46336第10次借款
1251.0,50.0,126012704,6,20.0,手机app用户的第11次闪电借款
2192.0,50.0,126015808,6,20.0,pdu0****21254第22次借款
1200.0,50.0,126016036,6,20.0,手机app用户的第8次闪电借款
2025.0,50.0,126016934,6,20.0,pdu3****73317第6次借款
1151.0,50.0,126017193,6,20.0,手机app用户的第4次闪电借款
10000.0,50.0,126017932,6,20.0,手机app用户的借款
1801.0,50.0,126019718,6,20.0,手机app用户的借款
1900.0,50.0,126023348,6,20.0,手机app用户的第9次闪电借款
1239.0,50.0,126024449,6,20.0,手机app用户的第9次闪电借款
698.0,50.0,126024687,6,20.0,手机app用户的第17次闪电借款
12900.0,50.0,126026349,6,20.0,手机app用户的第7次闪电借款
1471.0,50.0,126026597,6,20.0,手机app用户的第9次闪电借款
1000.0,50.0,126027440,6,20.0,手机app用户的借款
10810.0,50.0,126030068,6,20.0,手机app用户的借款
1000.0,50.0,126031365,6,20.0,手机app用户的第12次闪电借款
3000.0,50.0,126033388,6,20.0,pdu1****21862第13次借款
1200.0,50.0,126034196,6,20.0,手机app用户的第12次闪电借款
11228.0,50.0,126034393,6,20.0,手机app用户的第18次闪电借款
32761.0,50.0,126034511,6,20.0,手机app用户的借款
2000.0,50.0,126035461,6,20.0,手机app用户的借款
1537.0,50.0,126036472,6,20.0,手机app用户的借款
2000.0,50.0,126038768,6,20.0,手机app用户的第7次闪电借款
1963.0,50.0,126042159,6,20.0,手机app用户的借款
5619.0,50.0,126042356,6,20.0,手机app用户的借款
2401.0,50.0,126042611,6,20.0,pdu8****65703第27次借款
4900.0,50.0,126043840,6,20.0,pdu5****80215第15次借款
515.0,50.0,126044684,6,20.0,手机app用户的第17次闪电借款
554.0,50.0,126064996,6,20.0,手机app用户的第3次闪电借款
609.0,50.0,126072113,6,20.0,手机app用户的第5次闪电借款
4417.0,50.0,126084346,6,20.0,手机app用户的借款
4000.0,50.0,126084379,6,20.0,手机app用户的借款
1227.0,50.0,126084430,6,20.0,手机app用户的第13次闪电借款
1160.0,50.0,126084471,6,20.0,手机app用户的借款
3058.0,50.0,126084590,6,20.0,pdu8****501第14次借款
3300.0,50.0,126084708,6,20.0,手机app用户的第14次闪电借款
3000.0,50.0,126085087,6,20.0,手机app用户的借款
3617.0,50.0,126085799,6,20.0,手机app用户的借款
2500.0,50.0,126086039,6,20.0,手机app用户的第5次闪电借款
6449.0,50.0,126086200,6,20.0,手机app用户的借款
1800.0,50.0,126086217,6,20.0,手机app用户的借款
2322.0,50.0,126086833,6,20.0,手机app用户的第13次闪电借款
2000.0,50.0,126086975,6,20.0,手机app用户的第5次闪电借款
1700.0,50.0,126087249,6,20.0,手机app用户的借款
2764.0,50.0,126087351,6,20.0,手机app用户的第23次闪电借款
2515.0,50.0,126087954,6,20.0,手机app用户的借款
1000.0,50.0,126089116,6,20.0,手机app用户的第13次闪电借款
4572.0,50.0,126089365,6,20.0,手机app用户的借款
1200.0,50.0,126089558,6,20.0,手机app用户的借款
6292.0,50.0,126089939,6,20.0,手机app用户的第6次闪电借款
1137.0,50.0,126090318,6,20.0,手机app用户的第26次闪电借款
7600.0,50.0,126092449,6,20.0,pdu0****28225第14次借款
2669.0,50.0,126102529,6,20.0,手机app用户的第11次闪电借款
2400.0,50.0,126111983,6,20.0,手机app用户的第11次闪电借款
7773.0,50.0,126156251,6,20.0,手机app用户的借款
3855.0,50.0,126181116,6,20.0,pdu7****32504第3次借款
7000.0,50.0,126195690,6,20.0,pdu0****80147第18次借款
1235.0,50.0,126198698,6,20.0,手机app用户的借款
1308.0,50.0,126198807,6,20.0,手机app用户的第17次闪电借款
1862.0,50.0,126206472,6,20.0,手机app用户的第11次闪电借款
1659.0,50.0,126206811,6,20.0,手机app用户的第22次闪电借款
659.0,50.0,126208289,6,20.0,手机app用户的第6次闪电借款
6604.0,50.0,126208442,6,20.0,手机app用户的借款
2792.0,50.0,126208461,6,20.0,手机app用户的借款
1700.0,50.0,126209233,6,20.0,手机app用户的借款
525.0,50.0,126209256,6,20.0,手机app用户的第14次闪电借款
1393.0,50.0,126209997,6,20.0,手机app用户的第12次闪电借款
2349.0,50.0,126210641,6,20.0,j****hina第4次借款
1495.0,50.0,126211222,6,20.0,手机app用户的借款
1500.0,50.0,126211868,6,20.0,pdu1****61668第13次借款
4729.0,50.0,126212952,6,20.0,手机app用户的借款
4759.0,50.0,126213935,6,20.0,手机app用户的借款
3852.0,50.0,126214159,6,20.0,pdu1****66875第19次借款
4030.0,50.0,126214221,6,20.0,手机app用户的第13次闪电借款
3500.0,50.0,126214399,6,20.0,手机app用户的借款
2196.0,50.0,126214665,6,20.0,手机app用户的第6次闪电借款
5153.0,50.0,126214762,6,20.0,手机app用户的借款
8825.0,50.0,126216564,6,20.0,手机app用户的第7次闪电借款
2000.0,50.0,126247275,6,20.0,手机app用户的借款
5868.0,50.0,126253592,6,20.0,手机app用户的借款
2545.0,50.0,126256732,6,20.0,手机app用户的第5次闪电借款
3700.0,50.0,126263281,6,20.0,pdu4****74516第6次借款
1143.0,50.0,126271720,6,20.0,pdu1****65231第6次借款
1919.0,50.0,126279840,6,20.0,手机app用户的借款
2143.0,50.0,126290964,6,20.0,pdu3****263第20次借款
21668.0,50.0,126300185,6,20.0,h****23249第9次借款
13500.0,50.0,126304624,6,20.0,手机app用户的借款
2841.0,50.0,126306716,6,20.0,手机app用户的第18次闪电借款
4207.0,50.0,126308887,6,20.0,手机app用户的第12次闪电借款
5442.0,50.0,126309069,6,20.0,pdu2****725第10次借款
3994.0,50.0,126309387,6,20.0,手机app用户的借款
1110.0,50.0,126310655,6,20.0,手机app用户的第14次闪电借款
3558.0,35.0,126311757,6,20.0,手机app用户的第18次闪电借款
2800.0,50.0,126311915,6,20.0,手机app用户的第14次闪电借款
2800.0,50.0,126312576,6,20.0,pdu7****46440第13次借款
1937.0,50.0,126314771,6,20.0,手机app用户的借款
1175.0,50.0,126316475,6,20.0,手机app用户的第45次闪电借款
1151.0,50.0,126317420,6,20.0,手机app用户的借款
2859.0,50.0,126317830,6,20.0,手机app用户的借款
3874.0,50.0,126319914,6,20.0,手机app用户的借款
20846.0,50.0,126320394,6,20.0,手机app用户的借款
2380.0,50.0,126320540,6,20.0,pdu6****85711第23次借款
1000.0,50.0,126323222,6,20.0,手机app用户的第12次闪电借款
3470.0,50.0,126323839,6,20.0,手机app用户的第25次闪电借款
1450.0,50.0,126324272,6,20.0,手机app用户的第13次闪电借款
1300.0,50.0,126324648,6,20.0,手机app用户的第18次闪电借款
700.0,50.0,126326460,6,20.0,手机app用户的借款
4313.0,50.0,126440098,6,20.0,pdu6****35175第15次借款
6319.0,50.0,126441399,6,20.0,手机app用户的借款
1100.0,50.0,126441649,6,20.0,pdu1****40460第10次借款
5000.0,50.0,126442227,6,20.0,手机app用户的第15次闪电借款
2772.0,50.0,126444250,6,20.0,手机app用户的第7次闪电借款
9000.0,50.0,126456405,6,20.0,pdu3****15064第13次借款
4130.0,50.0,126456720,6,20.0,pdu5****24858第11次借款
7200.0,50.0,126457551,6,20.0,手机app用户的借款
4615.0,50.0,126459922,6,20.0,手机app用户的借款
1830.0,50.0,126460894,6,20.0,pdu1****63185第7次借款
2759.0,50.0,126461628,6,20.0,手机app用户的第8次闪电借款
2600.0,50.0,126467829,6,20.0,手机app用户的第24次闪电借款
2389.0,8.0,126468038,6,20.0,手机app用户的借款
3323.0,50.0,126470985,6,20.0,手机app用户的借款
1454.0,50.0,126471149,6,20.0,手机app用户的第8次闪电借款
4095.0,50.0,126472242,6,20.0,手机app用户的借款
5667.0,50.0,126474913,6,20.0,手机app用户的借款
522.0,50.0,126477966,6,20.0,手机app用户的第14次闪电借款
1000.0,50.0,126498180,6,20.0,手机app用户的第17次闪电借款
700.0,50.0,126503535,6,20.0,手机app用户的借款
2348.0,50.0,126526576,6,20.0,手机app用户的第24次闪电借款
1772.0,50.0,126526670,6,20.0,手机app用户的第10次闪电借款
1100.0,50.0,126527794,6,20.0,pdu7****54030第11次借款
6200.0,50.0,126528321,6,20.0,pdu6****21128第21次借款
1000.0,50.0,126528381,6,20.0,手机app用户的借款
1043.0,50.0,126528785,6,20.0,pdu4****34587第5次借款
700.0,50.0,126529852,6,20.0,手机app用户的借款
900.0,50.0,126530969,6,20.0,手机app用户的借款
1399.0,50.0,126531906,6,20.0,手机app用户的第15次闪电借款
8190.0,50.0,126533409,6,20.0,手机app用户的借款
8317.0,50.0,126550539,6,20.0,手机app用户的借款
2096.0,50.0,126557982,6,20.0,手机app用户的第11次闪电借款
5000.0,50.0,126615266,6,20.0,手机app用户的第5次闪电借款
4700.0,50.0,126616895,6,20.0,手机app用户的借款
3392.0,50.0,126620082,6,20.0,手机app用户的借款
4500.0,50.0,126623183,6,20.0,手机app用户的借款
3000.0,50.0,126631635,6,20.0,pdu5****150第11次借款
3138.0,50.0,126635798,6,20.0,手机app用户的借款
3000.0,50.0,126636647,6,20.0,pdu2****36183第30次借款
6000.0,50.0,126638648,6,20.0,手机app用户的借款
500.0,50.0,126642504,6,20.0,手机app用户的第19次闪电借款
5361.0,50.0,126644217,6,20.0,手机app用户的第11次闪电借款
502.0,50.0,126651689,6,20.0,手机app用户的第10次闪电借款
500.0,50.0,126652132,6,20.0,手机app用户的第8次闪电借款
1500.0,50.0,126654611,6,20.0,pdu5****150第12次借款
2000.0,50.0,126655626,6,20.0,手机app用户的借款
2500.0,50.0,126658105,6,20.0,手机app用户的第10次闪电借款
6000.0,50.0,126661394,6,20.0,手机app用户的第20次闪电借款
10092.0,50.0,126663934,6,20.0,手机app用户的借款
1000.0,26.0,126665290,6,20.0,手机app用户的第10次闪电借款
1689.0,50.0,126668691,6,20.0,手机app用户的借款
10000.0,50.0,126678794,6,20.0,pdu4****32242第8次借款
3000.0,50.0,126681083,6,20.0,手机app用户的借款
3000.0,50.0,126689224,6,20.0,pdu8****07287第10次借款
2000.0,50.0,126692327,6,20.0,手机app用户的第19次闪电借款
3245.0,50.0,126693836,6,20.0,pdu0****40800第7次借款
12000.0,50.0,126695997,6,20.0,手机app用户的借款
1276.0,50.0,126696184,6,20.0,手机app用户的第13次闪电借款
5150.0,50.0,126699765,6,20.0,手机app用户的借款
1200.0,50.0,126705063,6,20.0,手机app用户的第19次闪电借款
2056.0,50.0,126713381,6,20.0,手机app用户的借款
2863.0,50.0,126725638,6,20.0,手机app用户的第18次闪电借款
3909.0,50.0,126730121,6,20.0,手机app用户的第13次闪电借款
21000.0,50.0,126741198,6,20.0,手机app用户的第12次闪电借款
5900.0,50.0,126741432,6,20.0,pdu0****04103第13次借款
12000.0,50.0,126743391,6,20.0,pdu6****06020第9次借款
1571.0,50.0,126748412,6,20.0,手机app用户的第28次闪电借款
5000.0,50.0,126749588,6,20.0,pdu6****34408第15次借款
3148.0,50.0,126753065,6,20.0,pdu8****13630第16次借款
1500.0,50.0,126759751,6,20.0,手机app用户的第17次闪电借款
2519.0,50.0,126762439,6,20.0,手机app用户的第20次闪电借款
1500.0,50.0,126764439,6,20.0,手机app用户的第11次闪电借款
2500.0,50.0,126768245,6,20.0,手机app用户的借款
2000.0,50.0,126768957,6,20.0,手机app用户的借款
4580.0,50.0,126772626,6,20.0,pdu7****855第27次借款
2306.0,50.0,126774955,6,20.0,手机app用户的第9次闪电借款
1500.0,50.0,126780881,6,20.0,手机app用户的第20次闪电借款
1000.0,50.0,126786924,6,20.0,手机app用户的第13次闪电借款
10628.0,50.0,126787860,6,20.0,pdu8****04072第15次借款
17480.0,50.0,126796774,6,20.0,手机app用户的借款
6000.0,50.0,126800981,6,20.0,pdu6****43241第14次借款
2000.0,50.0,126805988,6,20.0,pdu4****55250第11次借款
7800.0,50.0,126808769,6,20.0,手机app用户的借款
3302.0,50.0,126813319,6,20.0,手机app用户的第12次闪电借款
8203.0,50.0,126814079,6,20.0,手机app用户的借款
1000.0,50.0,126818304,6,20.0,手机app用户的第14次闪电借款
1000.0,50.0,126823122,6,20.0,手机app用户的第21次闪电借款
7000.0,50.0,126823774,6,20.0,手机app用户的第23次闪电借款
3329.0,50.0,126825678,6,20.0,pdu7****06577第19次借款
2237.0,50.0,126845574,6,20.0,手机app用户的借款
727.0,50.0,126849265,6,20.0,pdu3****53600第8次借款
18021.0,50.0,126865473,6,20.0,手机app用户的借款
2298.0,50.0,126868277,6,20.0,手机app用户的第11次闪电借款
500.0,50.0,126869393,6,20.0,手机app用户的第18次闪电借款
2602.0,50.0,126875400,6,20.0,手机app用户的第11次闪电借款
948.0,50.0,126877040,6,20.0,手机app用户的借款
9044.0,50.0,126877665,6,20.0,手机app用户的第13次闪电借款
22400.0,50.0,126879646,6,20.0,手机app用户的借款
2485.0,50.0,126883065,6,20.0,手机app用户的第11次闪电借款
3054.0,50.0,126887216,6,20.0,手机app用户的借款
5179.0,50.0,126888794,6,20.0,手机app用户的第13次闪电借款
3010.0,50.0,126889423,6,20.0,手机app用户的借款
1300.0,50.0,126890586,6,20.0,手机app用户的第15次闪电借款
4000.0,50.0,126891660,6,20.0,手机app用户的第9次闪电借款
6000.0,50.0,126908404,6,20.0,手机app用户的第20次闪电借款
2500.0,50.0,126918749,6,20.0,pdu6****54366第12次借款
6868.0,50.0,126919110,6,20.0,pdu3****25180第27次借款
10000.0,50.0,126924118,6,20.0,手机app用户的借款
11262.0,50.0,126924886,6,20.0,手机app用户的借款
2500.0,50.0,126929503,6,20.0,手机app用户的借款
19900.0,50.0,126935608,6,20.0,pdu7****287第10次借款
3000.0,50.0,126936484,6,20.0,手机app用户的第13次闪电借款
6000.0,50.0,126943720,6,20.0,手机app用户的借款
1600.0,50.0,126945129,6,20.0,pdu1****54312第28次借款
1262.0,50.0,126947071,6,20.0,pdu1****27255第10次借款
7425.0,50.0,126947380,6,20.0,手机app用户的借款
4171.0,50.0,126951767,6,20.0,手机app用户的借款
10934.0,50.0,126952731,6,20.0,手机app用户的借款
530.0,50.0,126954749,6,20.0,手机app用户的第10次闪电借款
4000.0,50.0,126954915,6,20.0,pdu1****67425第10次借款
5100.0,50.0,126960034,6,20.0,pdu0****44126第9次借款
1565.0,50.0,126981167,6,20.0,pdu2****286第11次借款
2700.0,50.0,126981375,6,20.0,手机app用户的借款
4804.0,50.0,126982965,6,20.0,手机app用户的第16次闪电借款
1689.0,50.0,126983463,6,20.0,手机app用户的第28次闪电借款
4983.0,50.0,126983847,6,20.0,手机app用户的借款
1000.0,50.0,126989382,6,20.0,手机app用户的第10次闪电借款
913.0,50.0,126993351,6,20.0,手机app用户的第14次闪电借款
11851.0,50.0,127000470,6,20.0,手机app用户的第21次闪电借款
3000.0,50.0,127004353,6,20.0,手机app用户的第15次闪电借款
2963.0,50.0,127028143,6,20.0,手机app用户的借款
10000.0,50.0,127030215,6,20.0,手机app用户的第18次闪电借款
2917.0,50.0,127050877,6,20.0,手机app用户的借款
4000.0,50.0,127055311,6,20.0,手机app用户的第2次闪电借款
5000.0,50.0,127056337,6,20.0,手机app用户的借款
2746.0,50.0,127056534,6,20.0,手机app用户的第20次闪电借款
2000.0,50.0,127064996,6,20.0,手机app用户的借款
3616.0,50.0,127077176,6,20.0,pdu2****47045第12次借款
1228.0,50.0,127080483,6,20.0,pdu7****08438第21次借款
2000.0,50.0,127095615,6,20.0,手机app用户的第22次闪电借款
5500.0,50.0,127096344,6,20.0,pdu5****38032第14次借款
4045.0,50.0,127096593,6,20.0,手机app用户的借款
6745.0,50.0,127100165,6,20.0,手机app用户的借款
1087.0,50.0,127104992,6,20.0,pdu7****08438第22次借款
8000.0,50.0,127108374,12,20.0,手机app用户的借款
3000.0,50.0,127121915,6,20.0,手机app用户的第14次闪电借款
2000.0,50.0,127139277,6,20.0,pdu0****65146第8次借款
14900.0,50.0,127170345,6,20.0,pdu1****42747第20次借款
2431.0,50.0,127225095,6,20.0,手机app用户的第13次闪电借款
682.0,50.0,127263207,6,20.0,手机app用户的第14次闪电借款
1680.0,50.0,127264167,6,20.0,手机app用户的借款
11641.0,50.0,127274724,6,20.0,pdu3****28344第13次借款
5383.0,50.0,127303830,6,20.0,手机app用户的借款
2120.0,50.0,127319675,6,20.0,手机app用户的第14次闪电借款
528.0,50.0,127321327,6,20.0,手机app用户的第19次闪电借款
8726.0,50.0,127324205,6,20.0,pdu8****07021第19次借款
6985.0,50.0,127328288,6,20.0,手机app用户的借款
12281.0,50.0,127329850,6,20.0,手机app用户的借款
5338.0,50.0,127340247,6,20.0,手机app用户的第10次闪电借款
757.0,50.0,127340610,6,20.0,手机app用户的第13次闪电借款
4673.0,50.0,127342304,6,20.0,手机app用户的第14次闪电借款
1507.0,50.0,127343358,6,20.0,手机app用户的第12次闪电借款
2047.0,50.0,127345713,6,20.0,手机app用户的借款
8822.0,50.0,127347003,6,20.0,手机app用户的借款
2190.0,50.0,127347130,6,20.0,手机app用户的第10次闪电借款
4400.0,50.0,127348138,6,20.0,手机app用户的借款
8600.0,50.0,127350357,6,20.0,pdu5****51724第9次借款
7600.0,50.0,127351238,6,20.0,手机app用户的第18次闪电借款
11687.0,50.0,127351405,6,20.0,pdu3****758第23次借款
2959.0,50.0,127352795,6,20.0,手机app用户的借款
13000.0,50.0,127356766,6,20.0,手机app用户的第22次闪电借款
1100.0,50.0,127357990,6,20.0,手机app用户的第21次闪电借款
4252.0,50.0,127360101,6,20.0,手机app用户的借款
12296.0,50.0,127361595,6,20.0,pdu6****22206第9次借款
1313.0,50.0,127361889,6,20.0,pdu3****52088第9次借款
3000.0,50.0,127371461,6,20.0,手机app用户的借款
1584.0,50.0,127375054,6,20.0,手机app用户的借款
630.0,20.0,127376950,6,20.0,手机app用户的第9次闪电借款
10000.0,50.0,127377222,12,20.0,手机app用户的借款
1774.0,50.0,127379579,6,20.0,手机app用户的第19次闪电借款
2980.0,50.0,127384322,6,20.0,手机app用户的第12次闪电借款
3840.0,50.0,127387779,6,20.0,pdu0****22758第20次借款
5374.0,50.0,127388132,6,20.0,pdu1****40658第19次借款
4831.0,50.0,127394329,6,20.0,pdu8****38600第17次借款
3266.0,50.0,127399002,6,20.0,pdu8****37057第12次借款
3900.0,50.0,127399915,6,20.0,手机app用户的第18次闪电借款
800.0,50.0,127403363,6,20.0,手机app用户的第21次闪电借款
7300.0,50.0,127404015,6,20.0,手机app用户的第10次闪电借款
5000.0,50.0,127405804,6,20.0,手机app用户的借款
4000.0,50.0,127406036,6,20.0,pdu7****15123第9次借款
2000.0,50.0,127407176,6,20.0,手机app用户的第22次闪电借款
10000.0,50.0,127407196,3,20.0,手机app用户的借款
17100.0,50.0,127407209,6,20.0,pdu2****17058第14次借款
2012.0,50.0,127409938,6,20.0,pdu6****08750第11次借款
2780.0,50.0,127410791,6,20.0,pdu7****83845第6次借款
1658.0,50.0,127410833,6,20.0,pdu2****42737第18次借款
7482.0,50.0,127411325,6,20.0,手机app用户的借款
3000.0,50.0,127412858,6,20.0,pdu1****78658第22次借款
600.0,50.0,127417231,6,20.0,pdu7****32350第12次借款
4200.0,50.0,127419202,6,20.0,手机app用户的借款
1283.0,50.0,127423183,6,20.0,手机app用户的借款
1900.0,50.0,127423946,6,20.0,pdu4****45723第9次借款
5000.0,50.0,127424993,6,20.0,pdu7****46150第17次借款
1000.0,50.0,127425203,6,20.0,手机app用户的借款
3042.0,50.0,127427017,6,20.0,手机app用户的第13次闪电借款
2335.0,50.0,127428325,6,20.0,手机app用户的第13次闪电借款
2000.0,50.0,127431705,6,20.0,手机app用户的第10次闪电借款
10234.0,50.0,127461004,6,20.0,手机app用户的借款
700.0,50.0,127500971,6,20.0,手机app用户的第19次闪电借款
3200.0,50.0,127506196,6,20.0,pdu8****475第22次借款
2439.0,50.0,127507825,6,20.0,手机app用户的借款
2000.0,50.0,127509320,3,20.0,手机app用户的第11次闪电借款
5000.0,50.0,127509782,6,20.0,手机app用户的借款
4518.0,50.0,127510124,6,20.0,手机app用户的借款
3242.0,50.0,127512394,6,20.0,手机app用户的借款
3000.0,50.0,127513055,6,20.0,手机app用户的借款
1686.0,50.0,127513424,6,20.0,手机app用户的借款
1214.0,50.0,127514802,6,20.0,手机app用户的借款
3400.0,50.0,127515209,6,20.0,手机app用户的借款
6000.0,50.0,127515414,6,20.0,手机app用户的第6次闪电借款
6897.0,50.0,127516383,6,20.0,手机app用户的借款
1071.0,15.0,127530063,6,20.0,手机app用户的借款
3249.0,50.0,127546258,6,20.0,pdu4****17285第20次借款
2000.0,50.0,127547504,6,20.0,手机app用户的借款
1500.0,50.0,127547912,6,20.0,pdu1****41014第18次借款
1660.0,50.0,127569350,6,20.0,手机app用户的第9次闪电借款
2000.0,50.0,127596016,6,20.0,手机app用户的第13次闪电借款
1000.0,50.0,127598190,6,20.0,手机app用户的第29次闪电借款
10000.0,50.0,127616764,6,20.0,手机app用户的借款
2000.0,50.0,127617400,6,20.0,手机app用户的借款
950.0,50.0,127624371,6,20.0,手机app用户的第21次闪电借款
600.0,50.0,127628994,6,20.0,手机app用户的第20次闪电借款
5000.0,50.0,127697724,6,20.0,pdu0****26560第13次借款
6000.0,50.0,127702087,6,20.0,手机app用户的第7次闪电借款
33800.0,50.0,127723358,6,20.0,pdu0****218第31次借款
5656.0,50.0,127725096,6,20.0,pdu6****81570第11次借款
600.0,50.0,127735018,6,20.0,手机app用户的第68次闪电借款
2900.0,50.0,127736921,6,20.0,手机app用户的第19次闪电借款
1500.0,10.0,127738015,6,20.0,pdu6****23540第17次借款
944.0,50.0,127743768,6,20.0,手机app用户的第11次闪电借款
2000.0,50.0,127747001,6,20.0,手机app用户的借款
700.0,50.0,127750608,6,20.0,手机app用户的借款
2376.0,50.0,127761080,6,20.0,手机app用户的第12次闪电借款
500.0,50.0,127787285,6,20.0,手机app用户的第7次闪电借款
12947.0,50.0,127788292,6,20.0,手机app用户的第14次闪电借款
9352.0,50.0,127792658,6,20.0,pdu6****00224第11次借款
1322.0,50.0,127820170,6,20.0,手机app用户的第7次闪电借款
5199.0,50.0,127861064,6,20.0,手机app用户的第7次闪电借款
1900.0,50.0,127869015,6,20.0,手机app用户的第18次闪电借款
4000.0,50.0,127869065,6,20.0,手机app用户的借款
3000.0,50.0,127869605,6,20.0,手机app用户的借款
2503.0,50.0,127870107,6,20.0,手机app用户的借款
2256.0,50.0,127870756,6,20.0,手机app用户的第17次闪电借款
1154.0,50.0,127871267,6,20.0,手机app用户的第18次闪电借款
1034.0,50.0,127871853,6,20.0,手机app用户的第19次闪电借款
1116.0,50.0,127877574,6,20.0,手机app用户的借款
10000.0,50.0,127881153,6,20.0,pdu0****27122第8次借款
10000.0,50.0,127891060,6,20.0,手机app用户的借款
2500.0,50.0,127898297,6,20.0,pdu6****58321第10次借款
5000.0,50.0,127901873,6,20.0,手机app用户的借款
2355.0,50.0,127907412,6,20.0,手机app用户的借款
4400.0,50.0,127907697,6,20.0,手机app用户的第11次闪电借款
6603.0,50.0,127908824,6,20.0,手机app用户的第10次闪电借款
9000.0,50.0,127909218,6,20.0,手机app用户的借款
3000.0,50.0,127912937,6,20.0,手机app用户的第23次闪电借款
3205.0,50.0,127913336,6,20.0,手机app用户的借款
716.0,50.0,127914263,6,20.0,手机app用户的借款
7055.0,50.0,127915033,6,20.0,手机app用户的借款
7579.0,50.0,127915178,6,20.0,手机app用户的第12次闪电借款
18087.0,50.0,127915266,6,20.0,手机app用户的第8次闪电借款
500.0,50.0,127924880,6,20.0,手机app用户的第16次闪电借款
2000.0,50.0,127937716,6,20.0,手机app用户的第17次闪电借款
3022.0,44.0,127942125,6,20.0,手机app用户的第22次闪电借款
10000.0,50.0,127955456,6,20.0,pdu1****302第13次借款
10000.0,1000.0,1002182603,9,10.44,随借随还
20000.0,1000.0,1002182612,3,9.72,随借随还
11200.0,1000.0,1002183144,9,10.44,随借随还
3639.0,1000.0,1002183625,3,9.72,随借随还
4000.0,1000.0,1002183631,3,9.72,随借随还
3100.0,1000.0,1002183635,6,10.44,随借随还
3899.0,1000.0,1002183636,9,10.44,随借随还
3000.0,1000.0,1002183638,3,9.72,随借随还
4269.0,109.0,1002183640,9,10.44,随借随还
2000.0,13.0,1002288158,9,10.44,随借随还
1999.0,337.0,1002294596,6,10.44,随借随还
500.0,41.0,1002324848,9,10.44,随借随还
500.0,42.0,1002324917,6,10.44,随借随还
3000.0,256.0,1002331122,6,10.44,随借随还
